entry_go_key,show_no,focus_day,ring_day_no,ring_no,class_no,class_start_time,display_time,entry_count,entry_no,entry_order,horse,rider,trainer,go_time
29237|146|1,14906,2026-06-10,3860,670,29237,08:00:00,8:00 am,29,146,1,Tulara Cascara,Aaron Vale,Ben Taylor,
29237|123|2,14906,2026-06-10,3860,670,29237,08:00:00,8:00 am,29,123,2,Cordis Totalis Z,Selcuk Koksalan,Selcuk Koksalan,
29237|153|3,14906,2026-06-10,3860,670,29237,08:00:00,8:00 am,29,153,3,Champion League,Sharn L. Wordley,Sharn L. Wordley,
29237|114|4,14906,2026-06-10,3860,670,29237,08:00:00,8:00 am,29,114,4,Mestizo Ls,Lukene Arenas,Lukene Arenas,
29237|104|5,14906,2026-06-10,3860,670,29237,08:00:00,8:00 am,29,104,5,Helia Ffh,Kyle Dewar,Kyle Dewar,
29237|158|6,14906,2026-06-10,3860,670,29237,08:00:00,8:00 am,29,158,6,Icare Chavannais,Priscilla Broger,Priscilla Broger,
29237|132|7,14906,2026-06-10,3860,670,29237,08:00:00,8:00 am,29,132,7,Hop Mouche,Laura Gaither,Laura Gaither,
29237|160|8,14906,2026-06-10,3860,670,29237,08:00:00,8:00 am,29,160,8,The Golden Road,Camille Maynard,Camille Maynard,
29237|111|9,14906,2026-06-10,3860,670,29237,08:00:00,8:00 am,29,111,9,Cascais Hc,Juan J. Bancalari,Juan M. Bolanos,
29237|126|10,14906,2026-06-10,3860,670,29237,08:00:00,8:00 am,29,126,10,Hendrick Des Forets,Jodie Camberg,Megan Wexler,
29237|115|11,14906,2026-06-10,3860,670,29237,08:00:00,8:00 am,29,115,11,Goliath De L’ Eldorado,Declan Egan,Declan Egan,
29237|106|12,14906,2026-06-10,3860,670,29237,08:00:00,8:00 am,29,106,12,Kadar Hbc,Simon Arango,Juan M. Bolanos,
29237|147|13,14906,2026-06-10,3860,670,29237,08:00:00,8:00 am,29,147,13,Effixe Du Melnire,Juan E. Hidalgo,Juan E. Hidalgo,
29237|155|14,14906,2026-06-10,3860,670,29237,08:00:00,8:00 am,29,155,14,Nimbus Rfb,Aaron Vale,Ben Taylor,
29237|159|15,14906,2026-06-10,3860,670,29237,08:00:00,8:00 am,29,159,15,S&l Protector,Ciaran Flynn,Michael J. Mccormick,
29237|156|16,14906,2026-06-10,3860,670,29237,08:00:00,8:00 am,29,156,16,Yalambis Ikon,Maddison Stephen,Maddison Stephen,
29237|124|17,14906,2026-06-10,3860,670,29237,08:00:00,8:00 am,29,124,17,Montecristo,Selcuk Koksalan,Selcuk Koksalan,
29237|154|18,14906,2026-06-10,3860,670,29237,08:00:00,8:00 am,29,154,18,Hagelin,Sharn L. Wordley,Sharn L. Wordley,
29237|103|19,14906,2026-06-10,3860,670,29237,08:00:00,8:00 am,29,103,19,Hutin De L'abbaye,Kyle Dewar,Kyle Dewar,
29237|120|20,14906,2026-06-10,3860,670,29237,08:00:00,8:00 am,29,120,20,Charly Brown 353,Maya Denis,Megan Wexler,
29237|105|21,14906,2026-06-10,3860,670,29237,08:00:00,8:00 am,29,105,21,Hopefull Menjoulet,Taylor St Jacques,Taylor St Jacques,
29237|125|22,14906,2026-06-10,3860,670,29237,08:00:00,8:00 am,29,125,22,Conthinder,Sophia Ayers,Ben Taylor,
29237|108|23,14906,2026-06-10,3860,670,29237,08:00:00,8:00 am,29,108,23,Chriszi,David Cameron,David Cameron,
29237|134|24,14906,2026-06-10,3860,670,29237,08:00:00,8:00 am,29,134,24,Hollywood V,Amanda Gomez,Pamela Gomez,
29237|107|25,14906,2026-06-10,3860,670,29237,08:00:00,8:00 am,29,107,25,Conthalando Ps,Manuel G. Torres,Manuel G. Torres,
29237|157|26,14906,2026-06-10,3860,670,29237,08:00:00,8:00 am,29,157,26,Verdini D'houtveld Z,Lauren Balcomb,Sharn L. Wordley,
29237|141|27,14906,2026-06-10,3860,670,29237,08:00:00,8:00 am,29,141,27,Sternmarke 3,Wilton J. Porter,Wilton J. Porter,
29237|151|28,14906,2026-06-10,3860,670,29237,08:00:00,8:00 am,29,151,28,Contigo Z,Samuel Parot,Samuel Parot,
29237|143|29,14906,2026-06-10,3860,670,29237,08:00:00,8:00 am,29,143,29,Pmf Inventiv,Angela Swanson,Angela Swanson,
29237|145|30,14906,2026-06-10,3860,670,29237,08:00:00,8:00 am,29,145,30,Chutter Du Rouet Ps,Aaron Vale,Ben Taylor,
29237|113|31,14906,2026-06-10,3860,670,29237,08:00:00,8:00 am,29,113,31,Arezzo Z,Juan M. Bolanos,Juan M. Bolanos,
29237|133|32,14906,2026-06-10,3860,670,29237,08:00:00,8:00 am,29,133,32,My Diamant,Laura Gaither,Laura Gaither,
28941|162|1,14906,2026-06-10,3860,670,28941,10:00:00,10:00 am,27,162,1,Hakatann De Lojou,Ashlee Bond,Ashlee Bond,
28941|146|2,14906,2026-06-10,3860,670,28941,10:00:00,10:00 am,27,146,2,Tulara Cascara,Aaron Vale,Ben Taylor,
28941|120|3,14906,2026-06-10,3860,670,28941,10:00:00,10:00 am,27,120,3,Charly Brown 353,Maya Denis,Megan Wexler,
28941|108|4,14906,2026-06-10,3860,670,28941,10:00:00,10:00 am,27,108,4,Chriszi,David Cameron,David Cameron,
28941|154|5,14906,2026-06-10,3860,670,28941,10:00:00,10:00 am,27,154,5,Hagelin,Sharn L. Wordley,Sharn L. Wordley,
28941|161|6,14906,2026-06-10,3860,670,28941,10:00:00,10:00 am,27,161,6,Jason Brown,Flavio Montenegro,Ben Taylor,
28941|122|7,14906,2026-06-10,3860,670,28941,10:00:00,10:00 am,27,122,7,Feinschnitt,Dominique Gonzalez,Terry Gonzalez,
28941|112|8,14906,2026-06-10,3860,670,28941,10:00:00,10:00 am,27,112,8,Fraxinus Des Coeuries,Juan J. Bancalari,Juan M. Bolanos,
28941|129|9,14906,2026-06-10,3860,670,28941,10:00:00,10:00 am,27,129,9,Mtm Can Talk To Me,Tracy Fenney,Michael J. Mccormick,
28941|142|10,14906,2026-06-10,3860,670,28941,10:00:00,10:00 am,27,142,10,Puccini Van Orti,Lia Screnci,Lia Screnci,
28941|151|11,14906,2026-06-10,3860,670,28941,10:00:00,10:00 am,27,151,11,Contigo Z,Samuel Parot,Samuel Parot,
28941|109|12,14906,2026-06-10,3860,670,28941,10:00:00,10:00 am,27,109,12,Elalisa,Maleah Lang Mcmahon,Maleah Lang Mcmahon,
28941|157|13,14906,2026-06-10,3860,670,28941,10:00:00,10:00 am,27,157,13,Verdini D'houtveld Z,Lauren Balcomb,Sharn L. Wordley,
28941|127|14,14906,2026-06-10,3860,670,28941,10:00:00,10:00 am,27,127,14,Artic Jt Z,Captain Brian Cournane,Captain Brian Cournane,
28941|159|15,14906,2026-06-10,3860,670,28941,10:00:00,10:00 am,27,159,15,S&l Protector,Ciaran Flynn,Michael J. Mccormick,
28941|138|16,14906,2026-06-10,3860,670,28941,10:00:00,10:00 am,27,138,16,Cardozo 4,Tanner Korotkin,Alan Korotkin,
28941|155|17,14906,2026-06-10,3860,670,28941,10:00:00,10:00 am,27,155,17,Nimbus Rfb,Aaron Vale,Ben Taylor,
28941|149|18,14906,2026-06-10,3860,670,28941,10:00:00,10:00 am,27,149,18,Quicksilver C,Luis Sabino Goncalves,Luis Sabino Goncalves,
28941|118|19,14906,2026-06-10,3860,670,28941,10:00:00,10:00 am,27,118,19,Comme Ci Comme Ca,Ashlee Bond,Ashlee Bond,
28941|126|20,14906,2026-06-10,3860,670,28941,10:00:00,10:00 am,27,126,20,Hendrick Des Forets,Jodie Camberg,Megan Wexler,
28941|153|21,14906,2026-06-10,3860,670,28941,10:00:00,10:00 am,27,153,21,Champion League,Sharn L. Wordley,Sharn L. Wordley,
28941|133|22,14906,2026-06-10,3860,670,28941,10:00:00,10:00 am,27,133,22,My Diamant,Laura Gaither,Laura Gaither,
28941|107|23,14906,2026-06-10,3860,670,28941,10:00:00,10:00 am,27,107,23,Conthalando Ps,Manuel G. Torres,Manuel G. Torres,
28941|140|24,14906,2026-06-10,3860,670,28941,10:00:00,10:00 am,27,140,24,Dorchester,Nora Nauss,Andrew C. Welles,
28941|116|25,14906,2026-06-10,3860,670,28941,10:00:00,10:00 am,27,116,25,Santiago Vh Netehof,Cormac Hanley,Thea N. Stinnett,
28941|152|26,14906,2026-06-10,3860,670,28941,10:00:00,10:00 am,27,152,26,Gradje O,Samuel Parot,Samuel Parot,
28941|115|27,14906,2026-06-10,3860,670,28941,10:00:00,10:00 am,27,115,27,Goliath De L’ Eldorado,Declan Egan,Declan Egan,
28941|156|28,14906,2026-06-10,3860,670,28941,10:00:00,10:00 am,27,156,28,Yalambis Ikon,Maddison Stephen,Maddison Stephen,
28941|131|29,14906,2026-06-10,3860,670,28941,10:00:00,10:00 am,27,131,29,Mtm Pablo,Tracy Fenney,Michael J. Mccormick,
28941|119|30,14906,2026-06-10,3860,670,28941,10:00:00,10:00 am,27,119,30,Diamond Rbc Z,Jenna P. Friedman-Lopez,Jenna P. Friedman-Lopez,
28941|113|31,14906,2026-06-10,3860,670,28941,10:00:00,10:00 am,27,113,31,Arezzo Z,Juan M. Bolanos,Juan M. Bolanos,
29134|1565|1,14906,2026-06-10,3860,670,29134,11:45:00,11:45 am,71,1565,1,Diabolo De La Roque,Antonio J. Martinez,Antonio J. Martinez,
29134|1112|2,14906,2026-06-10,3860,670,29134,11:45:00,11:45 am,71,1112,2,Cavendish,Wilton J. Porter,Wilton J. Porter,
29134|3007|3,14906,2026-06-10,3860,670,29134,11:45:00,11:45 am,71,3007,3,Del’arkan,Ryan Baldwin,Debbie L. Mccarthy-Connor,
29134|1587|4,14906,2026-06-10,3860,670,29134,11:45:00,11:45 am,71,1587,4,Dominance Z,Captain Brian Cournane,Captain Brian Cournane,
29134|2952|5,14906,2026-06-10,3860,670,29134,11:45:00,11:45 am,71,2952,5,Glenara Chacco Dp,Brian Murphy,Brian Murphy,
29134|2934|6,14906,2026-06-10,3860,670,29134,11:45:00,11:45 am,71,2934,6,Jalanne,Jelmer Hoekstra,Jelmer Hoekstra,
29134|1700|7,14906,2026-06-10,3860,670,29134,11:45:00,11:45 am,71,1700,7,Chacoons Bellis Z,Todd D. Minikus,Todd D. Minikus,
29134|2362|8,14906,2026-06-10,3860,670,29134,11:45:00,11:45 am,71,2362,8,Constantin De Hus,John Michael Durr,John Michael Durr,
29134|1907|9,14906,2026-06-10,3860,670,29134,11:45:00,11:45 am,71,1907,9,Wild Kat,Jamie Alnwick,Scott Keach,
29134|2020|10,14906,2026-06-10,3860,670,29134,11:45:00,11:45 am,71,2020,10,Kannador,Clark Montgomery,Molly A. Kenney,
29134|1696|11,14906,2026-06-10,3860,670,29134,11:45:00,11:45 am,71,1696,11,Kinmar Candy Hero,Declan Egan,Declan Egan,
29134|1341|12,14906,2026-06-10,3860,670,29134,11:45:00,11:45 am,71,1341,12,Modena Lc,Juan J. Bancalari,Juan J. Bancalari,
29134|2124|13,14906,2026-06-10,3860,670,29134,11:45:00,11:45 am,71,2124,13,Spy,Paul O'Shea,Davide Troncanetti,
29134|2961|14,14906,2026-06-10,3860,670,29134,11:45:00,11:45 am,71,2961,14,Evolene De Carles,Vicente Guillen,Vicente Guillen,
29134|1784|15,14906,2026-06-10,3860,670,29134,11:45:00,11:45 am,71,1784,15,Storiall Blue,Stella Stinnett,Thea N. Stinnett,
29134|2185|16,14906,2026-06-10,3860,670,29134,11:45:00,11:45 am,71,2185,16,Inka Malpic,Rebecca Conway,Conan Conway,
29134|1919|17,14906,2026-06-10,3860,670,29134,11:45:00,11:45 am,71,1919,17,Carla,Selcuk Koksalan,Selcuk Koksalan,
29134|1995|18,14906,2026-06-10,3860,670,29134,11:45:00,11:45 am,71,1995,18,Camino Imperio Egípcio,Ali Arbabi,Sharn L. Wordley,
29134|1882|19,14906,2026-06-10,3860,670,29134,11:45:00,11:45 am,71,1882,19,Kara J D'alve Z,Alexandria Beneson,Thea N. Stinnett,
29134|1962|20,14906,2026-06-10,3860,670,29134,11:45:00,11:45 am,71,1962,20,Isla De Coco,Anne W. Eldridge,Lauren E. Hough,
29134|2174|21,14906,2026-06-10,3860,670,29134,11:45:00,11:45 am,71,2174,21,Komet 306,Antonio J. Martinez,Antonio J. Martinez,
29134|2094|22,14906,2026-06-10,3860,670,29134,11:45:00,11:45 am,71,2094,22,Gold Du Rouet,Taylor St Jacques,Andrew C. Welles,
29134|2367|23,14906,2026-06-10,3860,670,29134,11:45:00,11:45 am,71,2367,23,Khadiri,Jake Evans,Jake Evans,
29134|2081|24,14906,2026-06-10,3860,670,29134,11:45:00,11:45 am,71,2081,24,Rsk Quality Cruise,Khloe Kerins,Darragh Kerins,
29134|1225|25,14906,2026-06-10,3860,670,29134,11:45:00,11:45 am,71,1225,25,Cardline Kdw Z,Megan Wexler,Megan Wexler,
29134|1047|26,14906,2026-06-10,3860,670,29134,11:45:00,11:45 am,71,1047,26,Sandenal,Tanner Korotkin,Alan Korotkin,
29134|1181|27,14906,2026-06-10,3860,670,29134,11:45:00,11:45 am,71,1181,27,Kentucky N,Wilton J. Porter,Wilton J. Porter,
29134|2618|28,14906,2026-06-10,3860,670,29134,11:45:00,11:45 am,71,2618,28,Quina Blue Ps,Timothy Maddrix,Timothy Maddrix,
29134|2932|29,14906,2026-06-10,3860,670,29134,11:45:00,11:45 am,71,2932,29,Dakota Z,Jelmer Hoekstra,Jelmer Hoekstra,
29134|2875|30,14906,2026-06-10,3860,670,29134,11:45:00,11:45 am,71,2875,30,Kawir Ms,Jared P. Petersen,Jared P. Petersen,
29134|2880|31,14906,2026-06-10,3860,670,29134,11:45:00,11:45 am,71,2880,31,Valentine Car,Sharn L. Wordley,Sharn L. Wordley,
29134|1002|32,14906,2026-06-10,3860,670,29134,11:45:00,11:45 am,71,1002,32,Balou's Paul Ps,Diego Gaspar De Goes,Juan Benítez,
29134|1695|33,14906,2026-06-10,3860,670,29134,11:45:00,11:45 am,71,1695,33,I Jump D'authuit,Declan Egan,Declan Egan,
29134|2950|34,14906,2026-06-10,3860,670,29134,11:45:00,11:45 am,71,2950,34,Denison Park Combat,Elizabeth Schumann,Brian Murphy,
29134|2534|35,14906,2026-06-10,3860,670,29134,11:45:00,11:45 am,71,2534,35,Callisto De Fetan Z,Robert Mendoza,Robert Mendoza,
29134|1017|36,14906,2026-06-10,3860,670,29134,11:45:00,11:45 am,71,1017,36,Défi De La Roque,Juan Benítez,Juan Benítez,
29134|2617|37,14906,2026-06-10,3860,670,29134,11:45:00,11:45 am,71,2617,37,Istina Van De Kapel,Georgia Bouzaid,David Cameron,
29134|1323|38,14906,2026-06-10,3860,670,29134,11:45:00,11:45 am,71,1323,38,Uncle John’s Band,Camille Maynard,Camille Maynard,
29134|2189|39,14906,2026-06-10,3860,670,29134,11:45:00,11:45 am,71,2189,39,Indianapolis,Ivy Nyberg,Ivy Nyberg,
29134|1916|40,14906,2026-06-10,3860,670,29134,11:45:00,11:45 am,71,1916,40,Hhf Levison's Pride,Bryce P. Richardson,Bryce P. Richardson,
29134|2566|41,14906,2026-06-10,3860,670,29134,11:45:00,11:45 am,71,2566,41,Tough Enough,Spencer Brittan,Spencer Brittan,
29134|2157|42,14906,2026-06-10,3860,670,29134,11:45:00,11:45 am,71,2157,42,Streya,Jacqueline Steffens Daly,Jacqueline Steffens Daly,
29134|1574|43,14906,2026-06-10,3860,670,29134,11:45:00,11:45 am,71,1574,43,Valdes,Antonio J. Martinez,Antonio J. Martinez,
29134|2864|44,14906,2026-06-10,3860,670,29134,11:45:00,11:45 am,71,2864,44,Dominator Touch Z,Kalli Core,Bobby Boulger,
29134|2027|45,14906,2026-06-10,3860,670,29134,11:45:00,11:45 am,71,2027,45,Lagegonda Fz,Clark Montgomery,Clark Montgomery,
29134|1837|46,14906,2026-06-10,3860,670,29134,11:45:00,11:45 am,71,1837,46,Os Quincy,Rebecca Warth,Rebecca Warth,
29134|1649|47,14906,2026-06-10,3860,670,29134,11:45:00,11:45 am,71,1649,47,Chacoons Gisa Blue Z,Kyle Dewar,Kyle Dewar,
29134|3008|48,14906,2026-06-10,3860,670,29134,11:45:00,11:45 am,71,3008,48,Mon-Ami,Debbie L. Mccarthy-Connor,Debbie L. Mccarthy-Connor,
29134|2955|49,14906,2026-06-10,3860,670,29134,11:45:00,11:45 am,71,2955,49,Cameron 38,Jamie M. Stryker,Kirk Webby,
29134|1182|50,14906,2026-06-10,3860,670,29134,11:45:00,11:45 am,71,1182,50,Lupina Colada,Wilton J. Porter,Wilton J. Porter,
29134|2874|51,14906,2026-06-10,3860,670,29134,11:45:00,11:45 am,71,2874,51,Dropshot Z,Jordan Petersen,Jared P. Petersen,
29134|1086|52,14906,2026-06-10,3860,670,29134,11:45:00,11:45 am,71,1086,52,It Is West,Rebecca Conway,Conan Conway,
29134|1035|53,14906,2026-06-10,3860,670,29134,11:45:00,11:45 am,71,1035,53,Ideal,Grace Lyons,Alan Korotkin,
29134|2292|54,14906,2026-06-10,3860,670,29134,11:45:00,11:45 am,71,2292,54,Icarus,Declan Egan,Declan Egan,
29134|2879|55,14906,2026-06-10,3860,670,29134,11:45:00,11:45 am,71,2879,55,Mick Jagger,Sharn L. Wordley,Sharn L. Wordley,
29134|1709|56,14906,2026-06-10,3860,670,29134,11:45:00,11:45 am,71,1709,56,Headleys Kinetic,Anne L. Bingler,Anne L. Bingler,
29134|1044|57,14906,2026-06-10,3860,670,29134,11:45:00,11:45 am,71,1044,57,Peridoni 20,Elisabeth Rotsaert,Alan Korotkin,
29134|1996|58,14906,2026-06-10,3860,670,29134,11:45:00,11:45 am,71,1996,58,Thor Jr,Ali Arbabi,Sharn L. Wordley,
29134|1038|59,14906,2026-06-10,3860,670,29134,11:45:00,11:45 am,71,1038,59,Kindly,Tanner Korotkin,Alan Korotkin,
29134|1742|60,14906,2026-06-10,3860,670,29134,11:45:00,11:45 am,71,1742,60,Mason,Aidan Murphy,Candice King,
29134|1223|61,14906,2026-06-10,3860,670,29134,11:45:00,11:45 am,71,1223,61,Ledoux,Megan Wexler,Megan Wexler,
29134|1684|62,14906,2026-06-10,3860,670,29134,11:45:00,11:45 am,71,1684,62,Gelano,Jessica Collins,Jessica Collins,
29134|1481|63,14906,2026-06-10,3860,670,29134,11:45:00,11:45 am,71,1481,63,Limerick,Taylor Manning,Taylor Manning,
29134|1567|64,14906,2026-06-10,3860,670,29134,11:45:00,11:45 am,71,1567,64,Octavius Scf,Antonio J. Martinez,Antonio J. Martinez,
29134|1066|65,14906,2026-06-10,3860,670,29134,11:45:00,11:45 am,71,1066,65,Lufrieda Vdl,Clara Vidal,Daniela Roy,
29134|1037|66,14906,2026-06-10,3860,670,29134,11:45:00,11:45 am,71,1037,66,Insider Bh,Victoria Rotsaert,Alan Korotkin,
29134|2132|67,14906,2026-06-10,3860,670,29134,11:45:00,11:45 am,71,2132,67,Goliath,Addison Reed,Addison Reed,
29134|2953|68,14906,2026-06-10,3860,670,29134,11:45:00,11:45 am,71,2953,68,Ivanhoe,Elizabeth Schumann,Brian Murphy,
29134|2931|69,14906,2026-06-10,3860,670,29134,11:45:00,11:45 am,71,2931,69,Bellissima Dh Z,Jelmer Hoekstra,Jelmer Hoekstra,
29134|2394|70,14906,2026-06-10,3860,670,29134,11:45:00,11:45 am,71,2394,70,Bambina,Elin Mossberg,Patrick R. Wilcher,
29172|2135|1,14906,2026-06-10,3860,670,29172,14:45:00,2:45 pm,28,2135,1,Orisco,Addison Reed,Addison Reed,
29172|1246|2,14906,2026-06-10,3860,670,29172,14:45:00,2:45 pm,28,1246,2,Redbull 33 Vdh,Brittni A. Raflowitz,Brittni A. Raflowitz,
29172|2199|3,14906,2026-06-10,3860,670,29172,14:45:00,2:45 pm,28,2199,3,Tobias Van Kreyel Mc,Lauren Balcomb,Sharn L. Wordley,
29172|1334|4,14906,2026-06-10,3860,670,29172,14:45:00,2:45 pm,28,1334,4,Classical Touch,Juan M. Bolanos,Juan M. Bolanos,
29172|3046|5,14906,2026-06-10,3860,670,29172,14:45:00,2:45 pm,28,3046,5,Dolittle 32,Bruno Diniz Das Neves,Bruno Diniz Das Neves,
29172|1462|6,14906,2026-06-10,3860,670,29172,14:45:00,2:45 pm,28,1462,6,Pavarotti Van De Schutskooi,Cormac Hanley,Thea N. Stinnett,
29172|2463|7,14906,2026-06-10,3860,670,29172,14:45:00,2:45 pm,28,2463,7,Eq Scorpio,Diego Farje,Sharn L. Wordley,
29172|1831|8,14906,2026-06-10,3860,670,29172,14:45:00,2:45 pm,28,1831,8,Umtiti Van De Barlebuis,Lia Screnci,Lia Screnci,
29172|2635|9,14906,2026-06-10,3860,670,29172,14:45:00,2:45 pm,28,2635,9,Tugano Van Klapscheut,Addison Reed,Raishun Burch,
29172|2713|10,14906,2026-06-10,3860,670,29172,14:45:00,2:45 pm,28,2713,10,Superman Eh,Juan E. Hidalgo,Juan E. Hidalgo,
29172|1787|11,14906,2026-06-10,3860,670,29172,14:45:00,2:45 pm,28,1787,11,Tarantino De Rie,Robert Mendoza,Hanna Pieri,
29172|1449|12,14906,2026-06-10,3860,670,29172,14:45:00,2:45 pm,28,1449,12,Curacao D'elsendam Z,Taylor St Jacques,Taylor St Jacques,
29172|2204|13,14906,2026-06-10,3860,670,29172,14:45:00,2:45 pm,28,2204,13,5o1 Stakkatol's Dream,Jacob Fletcher,Jacob Fletcher,
29172|1923|14,14906,2026-06-10,3860,670,29172,14:45:00,2:45 pm,28,1923,14,Olaf,Selcuk Koksalan,Selcuk Koksalan,
29172|1327|15,14906,2026-06-10,3860,670,29172,14:45:00,2:45 pm,28,1327,15,Online,Clark Montgomery,Clark Montgomery,
29172|1993|16,14906,2026-06-10,3860,670,29172,14:45:00,2:45 pm,28,1993,16,Copperfield Ghv Z,Molly Frei,Sven Frei,
29172|2133|17,14906,2026-06-10,3860,670,29172,14:45:00,2:45 pm,28,2133,17,O'Malley Rfb,Addison Reed,Addison Reed,
29172|2320|18,14906,2026-06-10,3860,670,29172,14:45:00,2:45 pm,28,2320,18,Mtm Good Question,Tracy Fenney,Michael J. Mccormick,
29172|1296|19,14906,2026-06-10,3860,670,29172,14:45:00,2:45 pm,28,1296,19,Calou Us,Tanner Korotkin,Alan Korotkin,
29172|2197|20,14906,2026-06-10,3860,670,29172,14:45:00,2:45 pm,28,2197,20,King William,Sharn L. Wordley,Sharn L. Wordley,
29172|2568|21,14906,2026-06-10,3860,670,29172,14:45:00,2:45 pm,28,2568,21,Nasia’s Girl Keros,Hanna R. Egan,Hanna R. Egan,
29172|2881|22,14906,2026-06-10,3860,670,29172,14:45:00,2:45 pm,28,2881,22,Don Cor Z,Ryan Michael Genn,Ryan Michael Genn,
29172|1342|23,14906,2026-06-10,3860,670,29172,14:45:00,2:45 pm,28,1342,23,Only Love B,Juan M. Bolanos,Juan M. Bolanos,
29172|1860|24,14906,2026-06-10,3860,670,29172,14:45:00,2:45 pm,28,1860,24,Crusader,Marcus Gruenthal,Marcus Gruenthal,
29172|1782|25,14906,2026-06-10,3860,670,29172,14:45:00,2:45 pm,28,1782,25,Cash For Roses,Bruno Diniz Das Neves,Bruno Diniz Das Neves,
29172|2796|26,14906,2026-06-10,3860,670,29172,14:45:00,2:45 pm,28,2796,26,Santa Rosa Fiona,Priscilla Broger,Priscilla Broger,
29172|2134|27,14906,2026-06-10,3860,670,29172,14:45:00,2:45 pm,28,2134,27,O-Toulon K,Addison Reed,Addison Reed,
29164|1025|1,14906,2026-06-10,4174,684,29164,07:30:00,7:30 am,45,1025,1,Dodicci,Tanner Korotkin,Alan Korotkin,
29164|1042|2,14906,2026-06-10,4174,684,29164,07:30:00,7:30 am,45,1042,2,Maiki,Tanner Korotkin,Alan Korotkin,
29164|1045|3,14906,2026-06-10,4174,684,29164,07:30:00,7:30 am,45,1045,3,Qastaar Van't Heike,Tanner Korotkin,Alan Korotkin,
29164|1064|4,14906,2026-06-10,4174,684,29164,07:30:00,7:30 am,45,1064,4,Locinthe Vdl,Clara Vidal,Daniela Roy,
29164|1067|5,14906,2026-06-10,4174,684,29164,07:30:00,7:30 am,45,1067,5,Noah,Clara Vidal,Daniela Roy,
29164|1085|6,14906,2026-06-10,4174,684,29164,07:30:00,7:30 am,45,1085,6,Conthargos Gold,Rebecca Conway,Conan Conway,
29164|1108|7,14906,2026-06-10,4174,684,29164,07:30:00,7:30 am,45,1108,7,Cali Blue Ps,Jessica Cross,Jessica Cross,
29164|1109|8,14906,2026-06-10,4174,684,29164,07:30:00,7:30 am,45,1109,8,Odilon,Soleil Katsur,Jessica Cross,
29164|1224|9,14906,2026-06-10,4174,684,29164,07:30:00,7:30 am,45,1224,9,Lord Cornet,Megan Wexler,Megan Wexler,
29164|1241|10,14906,2026-06-10,4174,684,29164,07:30:00,7:30 am,45,1241,10,Balou Blue Z,Brittni A. Raflowitz,Brittni A. Raflowitz,
29164|1346|11,14906,2026-06-10,4174,684,29164,07:30:00,7:30 am,45,1346,11,Britney Ps,Cullen Drescher,Derek Reed,
29164|1347|12,14906,2026-06-10,4174,684,29164,07:30:00,7:30 am,45,1347,12,Oscars Afterparty,Cullen Drescher,Derek Reed,
29164|1425|13,14906,2026-06-10,4174,684,29164,07:30:00,7:30 am,45,1425,13,Categorico Ec Z,Devin A. Seek,Stefano Baruzzo,
29164|1519|14,14906,2026-06-10,4174,684,29164,07:30:00,7:30 am,45,1519,14,Mtm Clarcona,Anna Mead,Stephen Dicarlo,
29164|1563|15,14906,2026-06-10,4174,684,29164,07:30:00,7:30 am,45,1563,15,Herlich,Bowers A. Cone,Stephen Dicarlo,
29164|1595|16,14906,2026-06-10,4174,684,29164,07:30:00,7:30 am,45,1595,16,Levano,Sarah E. Turner,Ben Taylor,
29164|1679|17,14906,2026-06-10,4174,684,29164,07:30:00,7:30 am,45,1679,17,Tarzan Z,Ana Cristina Rodriguez,Juan A. Rodriguez Silva,
29164|1682|18,14906,2026-06-10,4174,684,29164,07:30:00,7:30 am,45,1682,18,Allegra Van Het Eikenhof Z,Aria Collins,Jessica Collins,
29164|1744|19,14906,2026-06-10,4174,684,29164,07:30:00,7:30 am,45,1744,19,Diatoon Blue Ps,Madison Rose,Madison Rose,
29164|1767|20,14906,2026-06-10,4174,684,29164,07:30:00,7:30 am,45,1767,20,Gotham De Chalusse,Robert Mendoza,Robert Mendoza,
29164|1877|21,14906,2026-06-10,4174,684,29164,07:30:00,7:30 am,45,1877,21,Daham,Jelmer Hoekstra,Tara G. Bostwick,
29164|1878|22,14906,2026-06-10,4174,684,29164,07:30:00,7:30 am,45,1878,22,Futur Du Pomiez,Jelmer Hoekstra,Tara G. Bostwick,
29164|2003|23,14906,2026-06-10,4174,684,29164,07:30:00,7:30 am,45,2003,23,Ancelotti,Ashley Romano,Ashley Romano,
29164|2037|24,14906,2026-06-10,4174,684,29164,07:30:00,7:30 am,45,2037,24,Fernhill Touch Of Grandeur,Kendall Stephens,Maya Denis,
29164|2078|25,14906,2026-06-10,4174,684,29164,07:30:00,7:30 am,45,2078,25,Lissino,Khloe Kerins,Darragh Kerins,
29164|2108|26,14906,2026-06-10,4174,684,29164,07:30:00,7:30 am,45,2108,26,Spice Of Life,Isaac Leffkowitz,Isaac Leffkowitz,
29164|2172|27,14906,2026-06-10,4174,684,29164,07:30:00,7:30 am,45,2172,27,Castell 21,Amanda Gardiner,Megan Gardiner,
29164|2173|28,14906,2026-06-10,4174,684,29164,07:30:00,7:30 am,45,2173,28,Danilo Khr,Megan Gardiner,Megan Gardiner,
29164|2291|29,14906,2026-06-10,4174,684,29164,07:30:00,7:30 am,45,2291,29,Fleurescent,Declan Egan,Declan Egan,
29164|2351|30,14906,2026-06-10,4174,684,29164,07:30:00,7:30 am,45,2351,30,Otto Pilot,Jeannie M. Savegnago,Lauren Schweppe,
29164|2365|31,14906,2026-06-10,4174,684,29164,07:30:00,7:30 am,45,2365,31,Qiana,Marcus Gruenthal,Marcus Gruenthal,
29164|2573|32,14906,2026-06-10,4174,684,29164,07:30:00,7:30 am,45,2573,32,Ballyforan,Patrick R. Wilcher,Patrick R. Wilcher,
29164|2602|33,14906,2026-06-10,4174,684,29164,07:30:00,7:30 am,45,2602,33,Fabian,Bonnie Silver,Annalee Bennett,
29164|2702|34,14906,2026-06-10,4174,684,29164,07:30:00,7:30 am,45,2702,34,For Jens Z,Patrick R. Wilcher,Dana G. Waters,
29164|2709|35,14906,2026-06-10,4174,684,29164,07:30:00,7:30 am,45,2709,35,Cfh Ricardo Two You,Juan E. Hidalgo,Juan E. Hidalgo,
29164|2733|36,14906,2026-06-10,4174,684,29164,07:30:00,7:30 am,45,2733,36,Balisto,Maya Denis,Joachim Englert,
29164|2821|37,14906,2026-06-10,4174,684,29164,07:30:00,7:30 am,45,2821,37,Arianna Rv,John M. Struzzieri,Ryan Michael Genn,
29164|2822|38,14906,2026-06-10,4174,684,29164,07:30:00,7:30 am,45,2822,38,Chabluevara Ps,Ryan Michael Genn,Ryan Michael Genn,
29164|2823|39,14906,2026-06-10,4174,684,29164,07:30:00,7:30 am,45,2823,39,Conlando 55,John M. Struzzieri,Ryan Michael Genn,
29164|2824|40,14906,2026-06-10,4174,684,29164,07:30:00,7:30 am,45,2824,40,Dame Bruchetta Z,Kitt Ritter,Ryan Michael Genn,
29164|2832|41,14906,2026-06-10,4174,684,29164,07:30:00,7:30 am,45,2832,41,Lindy Hop,Clark Montgomery,Clark Montgomery,
29164|2933|42,14906,2026-06-10,4174,684,29164,07:30:00,7:30 am,45,2933,42,Iron Rock,Dorothy Douglas,Jelmer Hoekstra,
29164|2935|43,14906,2026-06-10,4174,684,29164,07:30:00,7:30 am,45,2935,43,Paseana,Jelmer Hoekstra,Jelmer Hoekstra,
29164|2965|44,14906,2026-06-10,4174,684,29164,07:30:00,7:30 am,45,2965,44,Kurano Sp Z,Brooklyn Castellano,Brooklyn Castellano,
29164|3001|45,14906,2026-06-10,4174,684,29164,07:30:00,7:30 am,45,3001,45,Kilenka Gl,Alyssa Amberge,Alyssa Amberge,
29128|1025|1,14906,2026-06-10,4174,684,29128,10:00:00,10:00 am,60,1025,1,Dodicci,Carsyn Korotkin,Alan Korotkin,
29128|1035|2,14906,2026-06-10,4174,684,29128,10:00:00,10:00 am,60,1035,2,Ideal,Tanner Korotkin,Alan Korotkin,
29128|1039|3,14906,2026-06-10,4174,684,29128,10:00:00,10:00 am,60,1039,3,King Z,Tanner Korotkin,Alan Korotkin,
29128|1076|4,14906,2026-06-10,4174,684,29128,10:00:00,10:00 am,60,1076,4,Curioso Van Maarle Z,Hector Florentino,Benjamin J. Meredith,
29128|1105|5,14906,2026-06-10,4174,684,29128,10:00:00,10:00 am,60,1105,5,Legacy Rs,Lauren E. Hough,Benjamin J. Meredith,
29128|1261|6,14906,2026-06-10,4174,684,29128,10:00:00,10:00 am,60,1261,6,Com'on Kylie M,Sophia Ayers,Ben Taylor,
29128|1288|7,14906,2026-06-10,4174,684,29128,10:00:00,10:00 am,60,1288,7,Cash The First Des Rosiers Z,Angela Swanson,Angela Swanson,
29128|1289|8,14906,2026-06-10,4174,684,29128,10:00:00,10:00 am,60,1289,8,Engas Aurantiaco,Angela Swanson,Angela Swanson,
29128|1336|9,14906,2026-06-10,4174,684,29128,10:00:00,10:00 am,60,1336,9,Dorothea Mystic Rose,Juan M. Bolanos,Juan M. Bolanos,
29128|1340|10,14906,2026-06-10,4174,684,29128,10:00:00,10:00 am,60,1340,10,Light Blue Mystic Rose,Juan M. Bolanos,Juan M. Bolanos,
29128|1347|11,14906,2026-06-10,4174,684,29128,10:00:00,10:00 am,60,1347,11,Oscars Afterparty,Cullen Drescher,Derek Reed,
29128|1440|12,14906,2026-06-10,4174,684,29128,10:00:00,10:00 am,60,1440,12,Maeberry,Matthew Le Master,Matthew Le Master,
29128|1566|13,14906,2026-06-10,4174,684,29128,10:00:00,10:00 am,60,1566,13,Itos S,Antonio J. Martinez,Antonio J. Martinez,
29128|1568|14,14906,2026-06-10,4174,684,29128,10:00:00,10:00 am,60,1568,14,Picobella De Pot,Antonio J. Martinez,Antonio J. Martinez,
29128|1647|15,14906,2026-06-10,4174,684,29128,10:00:00,10:00 am,60,1647,15,Dionte Van’t Merelsnest Z,Juan A. Rodriguez Silva,Juan A. Rodriguez Silva,
29128|1660|16,14906,2026-06-10,4174,684,29128,10:00:00,10:00 am,60,1660,16,Luau Cove Csf,Kyle Dewar,Kyle Dewar,
29128|1666|17,14906,2026-06-10,4174,684,29128,10:00:00,10:00 am,60,1666,17,F.ellouette,Sebastian Presa Tejada,Juan A. Rodriguez Silva,
29128|1692|18,14906,2026-06-10,4174,684,29128,10:00:00,10:00 am,60,1692,18,Cruise Mor,Lindsay Haselden,Lindsay Haselden,
29128|1694|19,14906,2026-06-10,4174,684,29128,10:00:00,10:00 am,60,1694,19,Hector Du Gue,Ryan Haselden,Declan Egan,
29128|1766|20,14906,2026-06-10,4174,684,29128,10:00:00,10:00 am,60,1766,20,Diatendra,Robert Mendoza,Robert Mendoza,
29128|1853|21,14906,2026-06-10,4174,684,29128,10:00:00,10:00 am,60,1853,21,Indiana De Riverland,Declan Egan,Declan Egan,
29128|1880|22,14906,2026-06-10,4174,684,29128,10:00:00,10:00 am,60,1880,22,Poliana Van Op De Berg,Alberto Sarmiento,Juan M. Bolanos,
29128|1902|23,14906,2026-06-10,4174,684,29128,10:00:00,10:00 am,60,1902,23,Born To Be Wild,Jamie Alnwick,Scott Keach,
29128|1910|24,14906,2026-06-10,4174,684,29128,10:00:00,10:00 am,60,1910,24,Mtm Cascadela,Evana Somareddy,Heather Dayner,
29128|1913|25,14906,2026-06-10,4174,684,29128,10:00:00,10:00 am,60,1913,25,Boleybawn Rolo,Bryce P. Richardson,Bryce P. Richardson,
29128|1961|26,14906,2026-06-10,4174,684,29128,10:00:00,10:00 am,60,1961,26,Fernhill Athletico Z,Lauren E. Hough,Lauren E. Hough,
29128|2023|27,14906,2026-06-10,4174,684,29128,10:00:00,10:00 am,60,2023,27,Joaquin Daloubet,Cristobal Castro,Cristobal Castro,
29128|2029|28,14906,2026-06-10,4174,684,29128,10:00:00,10:00 am,60,2029,28,Cobalto,Anne L. Bingler,Anne L. Bingler,
29128|2078|29,14906,2026-06-10,4174,684,29128,10:00:00,10:00 am,60,2078,29,Lissino,Khloe Kerins,Darragh Kerins,
29128|2093|30,14906,2026-06-10,4174,684,29128,10:00:00,10:00 am,60,2093,30,Dragonfly,Nora Nauss,Andrew C. Welles,
29128|2152|31,14906,2026-06-10,4174,684,29128,10:00:00,10:00 am,60,2152,31,Bluebelle,Andres A. Correa,Andres A. Correa,
29128|2155|32,14906,2026-06-10,4174,684,29128,10:00:00,10:00 am,60,2155,32,La Luciole,Jacqueline Steffens Daly,Jacqueline Steffens Daly,
29128|2158|33,14906,2026-06-10,4174,684,29128,10:00:00,10:00 am,60,2158,33,Calibur W,H Dougl Schreiber,H Dougl Schreiber,
29128|2196|34,14906,2026-06-10,4174,684,29128,10:00:00,10:00 am,60,2196,34,Kan So,Diego Farje,Sharn L. Wordley,
29128|2294|35,14906,2026-06-10,4174,684,29128,10:00:00,10:00 am,60,2294,35,Onetta Vd Fruitkorf Z,Declan Egan,Declan Egan,
29128|2313|36,14906,2026-06-10,4174,684,29128,10:00:00,10:00 am,60,2313,36,Mtm Bubba,Ellham Memari,Michael J. Mccormick,
29128|2354|37,14906,2026-06-10,4174,684,29128,10:00:00,10:00 am,60,2354,37,Kleopatra Hero Z,Luke Sassi,Luke Sassi,
29128|2372|38,14906,2026-06-10,4174,684,29128,10:00:00,10:00 am,60,2372,38,F Miss Gouvernante Vdl Z,Anthony Sauriol,Anthony Sauriol,
29128|2402|39,14906,2026-06-10,4174,684,29128,10:00:00,10:00 am,60,2402,39,Diabalou Ps,Lukene Arenas,Lukene Arenas,
29128|2572|40,14906,2026-06-10,4174,684,29128,10:00:00,10:00 am,60,2572,40,Geisha D’agenais,Cyril Chatel,Laura Gaither,
29128|2630|41,14906,2026-06-10,4174,684,29128,10:00:00,10:00 am,60,2630,41,Vamos,Ashlynn Meuchel,Ashlynn Meuchel,
29128|2631|42,14906,2026-06-10,4174,684,29128,10:00:00,10:00 am,60,2631,42,Zhardas Kil,Ashlynn Meuchel,Ashlynn Meuchel,
29128|2710|43,14906,2026-06-10,4174,684,29128,10:00:00,10:00 am,60,2710,43,Elwen M' Aurea,Juan E. Hidalgo,Juan E. Hidalgo,
29128|2711|44,14906,2026-06-10,4174,684,29128,10:00:00,10:00 am,60,2711,44,Emyr De Launay,Mauricio Gruener,Juan E. Hidalgo,
29128|2712|45,14906,2026-06-10,4174,684,29128,10:00:00,10:00 am,60,2712,45,Il Vole Du Park,Juan E. Hidalgo,Juan E. Hidalgo,
29128|2717|46,14906,2026-06-10,4174,684,29128,10:00:00,10:00 am,60,2717,46,Catoki's Fly Girl,Campbell Lear,Pamela Gomez,
29128|2718|47,14906,2026-06-10,4174,684,29128,10:00:00,10:00 am,60,2718,47,Lucas 274,Valeska Furlong,Pamela Gomez,
29128|2722|48,14906,2026-06-10,4174,684,29128,10:00:00,10:00 am,60,2722,48,de Lisle Apollo,Mia Smith,David Cameron,
29128|2792|49,14906,2026-06-10,4174,684,29128,10:00:00,10:00 am,60,2792,49,Helia Des Bergeries,Camille Maynard,Matt Martin,
29128|2822|50,14906,2026-06-10,4174,684,29128,10:00:00,10:00 am,60,2822,50,Chabluevara Ps,Ryan Michael Genn,Ryan Michael Genn,
29128|2823|51,14906,2026-06-10,4174,684,29128,10:00:00,10:00 am,60,2823,51,Conlando 55,John M. Struzzieri,Ryan Michael Genn,
29128|2846|52,14906,2026-06-10,4174,684,29128,10:00:00,10:00 am,60,2846,52,KS Barbie,Maleah Lang Mcmahon,Maleah Lang Mcmahon,
29128|2873|53,14906,2026-06-10,4174,684,29128,10:00:00,10:00 am,60,2873,53,Comme II Reality,Elizabeth Solomon,Elizabeth Solomon,
29128|2885|54,14906,2026-06-10,4174,684,29128,10:00:00,10:00 am,60,2885,54,Official First Hj Z,Ryan Michael Genn,Ryan Michael Genn,
29128|2929|55,14906,2026-06-10,4174,684,29128,10:00:00,10:00 am,60,2929,55,Kaytaro,Declan Egan,Declan Egan,
29128|2982|56,14906,2026-06-10,4174,684,29128,10:00:00,10:00 am,60,2982,56,Cylano,Savannah Groselle,Savannah Groselle,
29128|2993|57,14906,2026-06-10,4174,684,29128,10:00:00,10:00 am,60,2993,57,Delando De St Leger,Dorothy Douglas,Jelmer Hoekstra,
29128|2997|58,14906,2026-06-10,4174,684,29128,10:00:00,10:00 am,60,2997,58,Qatar,Hector Florentino,Hector Florentino,
29128|3016|59,14906,2026-06-10,4174,684,29128,10:00:00,10:00 am,60,3016,59,Dorado Sdn,Cooper Beisel,Ben Taylor,
29128|3051|60,14906,2026-06-10,4174,684,29128,10:00:00,10:00 am,60,3051,60,Undercover,Staisha Connors,Michael Connors,
29131|1035|1,14906,2026-06-10,4174,684,29131,13:00:00,1:00 pm,23,1035,1,Ideal,Grace Lyons,Alan Korotkin,
29131|1075|2,14906,2026-06-10,4174,684,29131,13:00:00,1:00 pm,23,1075,2,Chris B,Hector Florentino,Benjamin J. Meredith,
29131|1275|3,14906,2026-06-10,4174,684,29131,13:00:00,1:00 pm,23,1275,3,Norton Vdl,Abby Grabowski,Ben Taylor,
29131|1455|4,14906,2026-06-10,4174,684,29131,13:00:00,1:00 pm,23,1455,4,Phoenix Air,Lanie Nash,Dawn Hersey,
29131|1569|5,14906,2026-06-10,4174,684,29131,13:00:00,1:00 pm,23,1569,5,Rondalla Ls,Antonio J. Martinez,Antonio J. Martinez,
29131|1593|6,14906,2026-06-10,4174,684,29131,13:00:00,1:00 pm,23,1593,6,Vdl Nevena,Belen Guarderas,Juan M. Bolanos,
29131|1661|7,14906,2026-06-10,4174,684,29131,13:00:00,1:00 pm,23,1661,7,Major,Kyle Dewar,Kyle Dewar,
29131|1709|8,14906,2026-06-10,4174,684,29131,13:00:00,1:00 pm,23,1709,8,Headleys Kinetic,Anne L. Bingler,Anne L. Bingler,
29131|1768|9,14906,2026-06-10,4174,684,29131,13:00:00,1:00 pm,23,1768,9,Mistigrise Du Seigneur,Robert Mendoza,Robert Mendoza,
29131|1843|10,14906,2026-06-10,4174,684,29131,13:00:00,1:00 pm,23,1843,10,Accelerator,Fabian Herrera,Fabian Herrera,
29131|1880|11,14906,2026-06-10,4174,684,29131,13:00:00,1:00 pm,23,1880,11,Poliana Van Op De Berg,Alberto Sarmiento,Juan M. Bolanos,
29131|1910|12,14906,2026-06-10,4174,684,29131,13:00:00,1:00 pm,23,1910,12,Mtm Cascadela,Evana Somareddy,Heather Dayner,
29131|2091|13,14906,2026-06-10,4174,684,29131,13:00:00,1:00 pm,23,2091,13,Cismet 4,Andrew C. Welles,Andrew C. Welles,
29131|2181|14,14906,2026-06-10,4174,684,29131,13:00:00,1:00 pm,23,2181,14,Chaning Tatum,Robert Mendoza,Samantha Mccleerey,
29131|2569|15,14906,2026-06-10,4174,684,29131,13:00:00,1:00 pm,23,2569,15,Night Light,Hanna R. Egan,Hanna R. Egan,
29131|2719|16,14906,2026-06-10,4174,684,29131,13:00:00,1:00 pm,23,2719,16,Nobeltje,Amanda Gomez,Pamela Gomez,
29131|2731|17,14906,2026-06-10,4174,684,29131,13:00:00,1:00 pm,23,2731,17,Picar,Mario Garcia,Mario Garcia,
29131|2876|18,14906,2026-06-10,4174,684,29131,13:00:00,1:00 pm,23,2876,18,Ewsz Omega,Gonzalo Guevara,Gonzalo Guevara,
29131|2932|19,14906,2026-06-10,4174,684,29131,13:00:00,1:00 pm,23,2932,19,Dakota Z,Jelmer Hoekstra,Jelmer Hoekstra,
29131|2956|20,14906,2026-06-10,4174,684,29131,13:00:00,1:00 pm,23,2956,20,Cornetta Lazar,Kirk Webby,Kirk Webby,
29131|3011|21,14906,2026-06-10,4174,684,29131,13:00:00,1:00 pm,23,3011,21,Guibet P,Amanda Gomez,Pamela Gomez,
29131|3035|22,14906,2026-06-10,4174,684,29131,13:00:00,1:00 pm,23,3035,22,Cooley Elusive,Tom Monaghan,Tom Monaghan,
29131|3037|23,14906,2026-06-10,4174,684,29131,13:00:00,1:00 pm,23,3037,23,Malmo 54,Tom Monaghan,Tom Monaghan,
29169|1104|1,14906,2026-06-10,4174,684,29169,14:30:00,2:30 pm,21,1104,1,Hallmark Hpf,Hector Florentino,Benjamin J. Meredith,
29169|1215|2,14906,2026-06-10,4174,684,29169,14:30:00,2:30 pm,21,1215,2,Temptation V/H Haringvliet Z,Jodie Camberg,Megan Wexler,
29169|1273|3,14906,2026-06-10,4174,684,29169,14:30:00,2:30 pm,21,1273,3,Mucksmaeuschenstill,Aaron Vale,Ben Taylor,
29169|1452|4,14906,2026-06-10,4174,684,29169,14:30:00,2:30 pm,21,1452,4,Onyx,Taylor St Jacques,Taylor St Jacques,
29169|1460|5,14906,2026-06-10,4174,684,29169,14:30:00,2:30 pm,21,1460,5,Cognac Vh Gebergte Z,Cormac Hanley,Thea N. Stinnett,
29169|1592|6,14906,2026-06-10,4174,684,29169,14:30:00,2:30 pm,21,1592,6,Oakland,Belen Guarderas,Juan M. Bolanos,
29169|1705|7,14906,2026-06-10,4174,684,29169,14:30:00,2:30 pm,21,1705,7,Pi-Air,Riley Delbecq,Todd D. Minikus,
29169|1735|8,14906,2026-06-10,4174,684,29169,14:30:00,2:30 pm,21,1735,8,Cachaca Pitu Lhf,Marcus Gruenthal,Marcus Gruenthal,
29169|1743|9,14906,2026-06-10,4174,684,29169,14:30:00,2:30 pm,21,1743,9,Tillman,Aidan Murphy,Candice King,
29169|1745|10,14906,2026-06-10,4174,684,29169,14:30:00,2:30 pm,21,1745,10,Oa Uno Mas Cerveza,Madison Rose,Madison Rose,
29169|1786|11,14906,2026-06-10,4174,684,29169,14:30:00,2:30 pm,21,1786,11,Lyonheart,Robert Mendoza,Hanna Pieri,
29169|1787|12,14906,2026-06-10,4174,684,29169,14:30:00,2:30 pm,21,1787,12,Tarantino De Rie,Robert Mendoza,Hanna Pieri,
29169|1902|13,14906,2026-06-10,4174,684,29169,14:30:00,2:30 pm,21,1902,13,Born To Be Wild,Jamie Alnwick,Scott Keach,
29169|1993|14,14906,2026-06-10,4174,684,29169,14:30:00,2:30 pm,21,1993,14,Copperfield Ghv Z,Molly Frei,Sven Frei,
29169|2036|15,14906,2026-06-10,4174,684,29169,14:30:00,2:30 pm,21,2036,15,Diablue Sh Z,Jared P. Petersen,Jared P. Petersen,
29169|2069|16,14906,2026-06-10,4174,684,29169,14:30:00,2:30 pm,21,2069,16,Bizzy Sh,Jordan Petersen,Jared P. Petersen,
29169|2360|17,14906,2026-06-10,4174,684,29169,14:30:00,2:30 pm,21,2360,17,Cassaderra Na,Taryn M. Adamy,Taryn M. Adamy,
29169|2633|18,14906,2026-06-10,4174,684,29169,14:30:00,2:30 pm,21,2633,18,Dimazzo,Leah Lang-Gluscic,Leah Lang-Gluscic,
29169|2866|19,14906,2026-06-10,4174,684,29169,14:30:00,2:30 pm,21,2866,19,Kateri,Kalli Core,Bobby Boulger,
29169|2881|20,14906,2026-06-10,4174,684,29169,14:30:00,2:30 pm,21,2881,20,Don Cor Z,Ryan Michael Genn,Ryan Michael Genn,
29169|2960|21,14906,2026-06-10,4174,684,29169,14:30:00,2:30 pm,21,2960,21,Dracko Van Het Vinckenhof Z,Vicente Guillen,Vicente Guillen,
29166|1021|1,14906,2026-06-10,4174,684,29166,16:00:00,4:00 pm,23,1021,1,Rover,Kelly Prather,Michael K. Kennedy,
29166|1257|2,14906,2026-06-10,4174,684,29166,16:00:00,4:00 pm,23,1257,2,Avalanche,Mallory Vale,Ben Taylor,
29166|1263|3,14906,2026-06-10,4174,684,29166,16:00:00,4:00 pm,23,1263,3,Eliott Dz,Aaron Vale,Ben Taylor,
29166|1277|4,14906,2026-06-10,4174,684,29166,16:00:00,4:00 pm,23,1277,4,Reelz,Mallory Vale,Ben Taylor,
29166|1513|5,14906,2026-06-10,4174,684,29166,16:00:00,4:00 pm,23,1513,5,Ck’s Superman,Libby Woodworth,Stephen Dicarlo,
29166|1707|6,14906,2026-06-10,4174,684,29166,16:00:00,4:00 pm,23,1707,6,Ally Z,Anne L. Bingler,Anne L. Bingler,
29166|1757|7,14906,2026-06-10,4174,684,29166,16:00:00,4:00 pm,23,1757,7,Frodo,River A. Wylde,River A. Wylde,
29166|1793|8,14906,2026-06-10,4174,684,29166,16:00:00,4:00 pm,23,1793,8,Comme Il Hero Z,Matthew Le Master,Matthew Le Master,
29166|2003|9,14906,2026-06-10,4174,684,29166,16:00:00,4:00 pm,23,2003,9,Ancelotti,Ashley Romano,Ashley Romano,
29166|2073|10,14906,2026-06-10,4174,684,29166,16:00:00,4:00 pm,23,2073,10,Ballyheerin Belle Jorado,Sarah Kerins,Darragh Kerins,
29166|2080|11,14906,2026-06-10,4174,684,29166,16:00:00,4:00 pm,23,2080,11,P-Capitola,Sarah Kerins,Darragh Kerins,
29166|2153|12,14906,2026-06-10,4174,684,29166,16:00:00,4:00 pm,23,2153,12,Dulce,Andres A. Correa,Andres A. Correa,
29166|2162|13,14906,2026-06-10,4174,684,29166,16:00:00,4:00 pm,23,2162,13,Paulownia,Josh Dolan,Josh Dolan,
29166|2341|14,14906,2026-06-10,4174,684,29166,16:00:00,4:00 pm,23,2341,14,Diamant's Invincible Na,Jared P. Petersen,Derek Petersen,
29166|2360|15,14906,2026-06-10,4174,684,29166,16:00:00,4:00 pm,23,2360,15,Cassaderra Na,Taryn M. Adamy,Taryn M. Adamy,
29166|2707|16,14906,2026-06-10,4174,684,29166,16:00:00,4:00 pm,23,2707,16,Voila Bbf,Hayley G. Waters Wear,Dana G. Waters,
29166|2708|17,14906,2026-06-10,4174,684,29166,16:00:00,4:00 pm,23,2708,17,Volcano Bbf,Hayley G. Waters Wear,Dana G. Waters,
29166|2836|18,14906,2026-06-10,4174,684,29166,16:00:00,4:00 pm,23,2836,18,Forseti,Ben Taylor,Ben Taylor,
29166|2884|19,14906,2026-06-10,4174,684,29166,16:00:00,4:00 pm,23,2884,19,Karma,Ryan Michael Genn,Ryan Michael Genn,
29166|2946|20,14906,2026-06-10,4174,684,29166,16:00:00,4:00 pm,23,2946,20,Calderon T,Andras Szieberth,Andras Szieberth,
29166|2963|21,14906,2026-06-10,4174,684,29166,16:00:00,4:00 pm,23,2963,21,Diadora,Jordan Petersen,Jared P. Petersen,
29166|2996|22,14906,2026-06-10,4174,684,29166,16:00:00,4:00 pm,23,2996,22,Maleficent Ht,Hector Florentino,Benjamin J. Meredith,
29166|3049|23,14906,2026-06-10,4174,684,29166,16:00:00,4:00 pm,23,3049,23,Donna Lucardie Z,Francesca Chiatti,Anna Christina Gansauer,
29394|1263|1,14906,2026-06-10,4182,683,29394,08:00:00,8:00 am,25,1263,1,Eliott Dz,Aaron Vale,Ben Taylor,
29394|1268|2,14906,2026-06-10,4182,683,29394,08:00:00,8:00 am,25,1268,2,Invictus,Aaron Vale,Ben Taylor,
29394|1293|3,14906,2026-06-10,4182,683,29394,08:00:00,8:00 am,25,1293,3,Getthe Muny Bernie,Carrie Riddle,Lindsay Barrack,
29394|1297|4,14906,2026-06-10,4182,683,29394,08:00:00,8:00 am,25,1297,4,La La Land,Christina Faninger,Alan Korotkin,
29394|1298|5,14906,2026-06-10,4182,683,29394,08:00:00,8:00 am,25,1298,5,Pays Bas V,Sophie Smith,Morgan Taylor,
29394|1343|6,14906,2026-06-10,4182,683,29394,08:00:00,8:00 am,25,1343,6,Pedro Molino,Kristen Litteken,Juan M. Bolanos,
29394|1437|7,14906,2026-06-10,4182,683,29394,08:00:00,8:00 am,25,1437,7,Balencia,Stella Gavin,Matthew Le Master,
29394|1465|8,14906,2026-06-10,4182,683,29394,08:00:00,8:00 am,25,1465,8,Norelien,Maya Allhusen,Mario Garcia,
29394|1480|9,14906,2026-06-10,4182,683,29394,08:00:00,8:00 am,25,1480,9,Ameko Chaccord,Taylor Manning,Taylor Manning,
29394|1591|10,14906,2026-06-10,4182,683,29394,08:00:00,8:00 am,25,1591,10,Irish Coffee Vhl,Iliana Palumbo,Alan Korotkin,
29394|1598|11,14906,2026-06-10,4182,683,29394,08:00:00,8:00 am,25,1598,11,Sublime,Sophie Smith,Morgan Taylor,
29394|1775|12,14906,2026-06-10,4182,683,29394,08:00:00,8:00 am,25,1775,12,Once Upon A Time,Alyson Jones,Kim Taylor,
29394|1883|13,14906,2026-06-10,4182,683,29394,08:00:00,8:00 am,25,1883,13,Untouchable's Unique,Dominic Arnold,Alyssa Venn,
29394|2156|14,14906,2026-06-10,4182,683,29394,08:00:00,8:00 am,25,2156,14,Lady Roxy,Suzanne Burns,Jacqueline Steffens Daly,
29394|2177|15,14906,2026-06-10,4182,683,29394,08:00:00,8:00 am,25,2177,15,Ata Fe Dulce,Lyla Roberts,Mario Garcia,
29394|2375|16,14906,2026-06-10,4182,683,29394,08:00:00,8:00 am,25,2375,16,Sylvester Ter Linden,Lynde Johnson,August Torsilieri,
29394|2405|17,14906,2026-06-10,4182,683,29394,08:00:00,8:00 am,25,2405,17,Billy Suffragette,Emerson Ritter,Morgan Taylor,
29394|2543|18,14906,2026-06-10,4182,683,29394,08:00:00,8:00 am,25,2543,18,Billy Snowdonia,Camille Maynard,Camille Maynard,
29394|2803|19,14906,2026-06-10,4182,683,29394,08:00:00,8:00 am,25,2803,19,Kanai,Addison Reed,Addison Reed,
29394|2834|20,14906,2026-06-10,4182,683,29394,08:00:00,8:00 am,25,2834,20,Hercules,Maya Allhusen,Mario Garcia,
29394|2877|21,14906,2026-06-10,4182,683,29394,08:00:00,8:00 am,25,2877,21,Big Castle,Shannon Y. Clifford,Shannon Y. Clifford,
29394|2882|22,14906,2026-06-10,4182,683,29394,08:00:00,8:00 am,25,2882,22,Crush,Scott Diffey,Scott Diffey,
29394|2970|23,14906,2026-06-10,4182,683,29394,08:00:00,8:00 am,25,2970,23,Fe Crack The Code,Amanda Gardiner,Megan Gardiner,
29394|3039|24,14906,2026-06-10,4182,683,29394,08:00:00,8:00 am,25,3039,24,Billy Adorable,Sophie Smith,Morgan Taylor,
29159|1003|1,14906,2026-06-10,4182,683,29159,09:30:00,9:30 am,47,1003,1,Daizi De Beaufour,Rita de Goes,Juan Benítez,
29159|1043|2,14906,2026-06-10,4182,683,29159,09:30:00,9:30 am,47,1043,2,Markanto A,Tanner Korotkin,Alan Korotkin,
29159|1096|3,14906,2026-06-10,4182,683,29159,09:30:00,9:30 am,47,1096,3,Cold Play,Isaac Leffkowitz,Isaac Leffkowitz,
29159|1102|4,14906,2026-06-10,4182,683,29159,09:30:00,9:30 am,47,1102,4,Talk About Me,Violetta Bergonzoli,Morgan Taylor,
29159|1145|5,14906,2026-06-10,4182,683,29159,09:30:00,9:30 am,47,1145,5,Cecile S,Alicia Taylor,Stephen Dicarlo,
29159|1201|6,14906,2026-06-10,4182,683,29159,09:30:00,9:30 am,47,1201,6,Contika 46,Kacey Conway,Kacey Conway,
29159|1248|7,14906,2026-06-10,4182,683,29159,09:30:00,9:30 am,47,1248,7,Ciemusic Z,Kathryn Camunas,Erica Robson,
29159|1278|8,14906,2026-06-10,4182,683,29159,09:30:00,9:30 am,47,1278,8,Remus Van't Merelsnest,Sophia Ayers,Ben Taylor,
29159|1326|9,14906,2026-06-10,4182,683,29159,09:30:00,9:30 am,47,1326,9,The Getaway Car,Lanie Nash,Dawn Hersey,
29159|1439|10,14906,2026-06-10,4182,683,29159,09:30:00,9:30 am,47,1439,10,Il Dolce,Lauren Flesher,Matthew Le Master,
29159|1454|11,14906,2026-06-10,4182,683,29159,09:30:00,9:30 am,47,1454,11,Mr Dw,Lanie Nash,Dawn Hersey,
29159|1480|12,14906,2026-06-10,4182,683,29159,09:30:00,9:30 am,47,1480,12,Ameko Chaccord,Taylor Manning,Taylor Manning,
29159|1516|13,14906,2026-06-10,4182,683,29159,09:30:00,9:30 am,47,1516,13,Grandia,Bowers A. Cone,Stephen Dicarlo,
29159|1685|14,14906,2026-06-10,4182,683,29159,09:30:00,9:30 am,47,1685,14,Hh Hyyerr Calling,Jessica Collins,Jessica Collins,
29159|1769|15,14906,2026-06-10,4182,683,29159,09:30:00,9:30 am,47,1769,15,Nevada Vdl,Robert Mendoza,Robert Mendoza,
29159|1777|16,14906,2026-06-10,4182,683,29159,09:30:00,9:30 am,47,1777,16,Bz Cancara,Antonio J. Martinez,Antonio J. Martinez,
29159|1778|17,14906,2026-06-10,4182,683,29159,09:30:00,9:30 am,47,1778,17,Lisdeen Lady Kvj,Antonio J. Martinez,Antonio J. Martinez,
29159|1795|18,14906,2026-06-10,4182,683,29159,09:30:00,9:30 am,47,1795,18,Mazatlan Ps,Violetta Bergonzoli,Morgan Taylor,
29159|1866|19,14906,2026-06-10,4182,683,29159,09:30:00,9:30 am,47,1866,19,Mckenzie Z,Celso Ariani,Celso Ariani,
29159|1867|20,14906,2026-06-10,4182,683,29159,09:30:00,9:30 am,47,1867,20,Orindus W,Celso Ariani,Celso Ariani,
29159|1932|21,14906,2026-06-10,4182,683,29159,09:30:00,9:30 am,47,1932,21,Florian,Windsor Ryan,Traci A. Weston,
29159|1982|22,14906,2026-06-10,4182,683,29159,09:30:00,9:30 am,47,1982,22,Herakles,Izabella Mcnerney,Izabella Mcnerney,
29159|2107|23,14906,2026-06-10,4182,683,29159,09:30:00,9:30 am,47,2107,23,Mary J,Isaac Leffkowitz,Isaac Leffkowitz,
29159|2142|24,14906,2026-06-10,4182,683,29159,09:30:00,9:30 am,47,2142,24,Bellefleur Z,Carson L. Ruff,Carson L. Ruff,
29159|2144|25,14906,2026-06-10,4182,683,29159,09:30:00,9:30 am,47,2144,25,U Amon Z,Paul O'Shea,Carson L. Ruff,
29159|2148|26,14906,2026-06-10,4182,683,29159,09:30:00,9:30 am,47,2148,26,Elle Woods,Kimberly Tobias,Abby Strohmeyer,
29159|2149|27,14906,2026-06-10,4182,683,29159,09:30:00,9:30 am,47,2149,27,Ferris Bueller,Kimberly Tobias,Abby Strohmeyer,
29159|2154|28,14906,2026-06-10,4182,683,29159,09:30:00,9:30 am,47,2154,28,Enzo Ferrari,Andres A. Correa,Andres A. Correa,
29159|2179|29,14906,2026-06-10,4182,683,29159,09:30:00,9:30 am,47,2179,29,Nice Cool De Virton,Paul O'Shea,Kaileigh Brandt,
29159|2187|30,14906,2026-06-10,4182,683,29159,09:30:00,9:30 am,47,2187,30,En Vogue,Maddison Stephen,David Cameron,
29159|2200|31,14906,2026-06-10,4182,683,29159,09:30:00,9:30 am,47,2200,31,Chagrandino Ps,Luciano Dome,Luciano Dome,
29159|2290|32,14906,2026-06-10,4182,683,29159,09:30:00,9:30 am,47,2290,32,Castello Z,Declan Egan,Declan Egan,
29159|2293|33,14906,2026-06-10,4182,683,29159,09:30:00,9:30 am,47,2293,33,Miss Cranny Sarco,Declan Egan,Declan Egan,
29159|2521|34,14906,2026-06-10,4182,683,29159,09:30:00,9:30 am,47,2521,34,Excel Star Fair Play,Alexandra Hird,August Torsilieri,
29159|2523|35,14906,2026-06-10,4182,683,29159,09:30:00,9:30 am,47,2523,35,Lugano,Liliana Nora Menesi,August Torsilieri,
29159|2559|36,14906,2026-06-10,4182,683,29159,09:30:00,9:30 am,47,2559,36,Dee Dee Gz,Samantha Fields,Spencer Brittan,
29159|2562|37,14906,2026-06-10,4182,683,29159,09:30:00,9:30 am,47,2562,37,Inlaws Manolo,Spencer Brittan,Spencer Brittan,
29159|2667|38,14906,2026-06-10,4182,683,29159,09:30:00,9:30 am,47,2667,38,Calypso,Josephine Demmo,Alan Korotkin,
29159|2728|39,14906,2026-06-10,4182,683,29159,09:30:00,9:30 am,47,2728,39,Wingardium Leviosa KS,Dominic Arnold,Alyssa Venn,
29159|2793|40,14906,2026-06-10,4182,683,29159,09:30:00,9:30 am,47,2793,40,Ibalia,Eva Bernstein,Matt Martin,
29159|2803|41,14906,2026-06-10,4182,683,29159,09:30:00,9:30 am,47,2803,41,Kanai,Kelly Kiser,Addison Reed,
29159|2825|42,14906,2026-06-10,4182,683,29159,09:30:00,9:30 am,47,2825,42,Kereen Cobra,Kitt Ritter,Ryan Michael Genn,
29159|2837|43,14906,2026-06-10,4182,683,29159,09:30:00,9:30 am,47,2837,43,Carmenzita,Antonio J. Martinez,Antonio J. Martinez,
29159|2840|44,14906,2026-06-10,4182,683,29159,09:30:00,9:30 am,47,2840,44,Gabriella T,Mary Collier Pope,Andras Szieberth,
29159|2970|45,14906,2026-06-10,4182,683,29159,09:30:00,9:30 am,47,2970,45,Fe Crack The Code,Amanda Gardiner,Megan Gardiner,
29159|2984|46,14906,2026-06-10,4182,683,29159,09:30:00,9:30 am,47,2984,46,Vdl Escape Z,Savannah Groselle,Savannah Groselle,
29159|3009|47,14906,2026-06-10,4182,683,29159,09:30:00,9:30 am,47,3009,47,Coby Z,Jenna P. Friedman-Lopez,Jenna P. Friedman-Lopez,
29125|1293|1,14906,2026-06-10,4182,683,29125,09:30:00,9:30 am,2,1293,1,Getthe Muny Bernie,Carrie Riddle,Lindsay Barrack,
29125|2877|2,14906,2026-06-10,4182,683,29125,09:30:00,9:30 am,2,2877,2,Big Castle,Shannon Y. Clifford,Shannon Y. Clifford,
29161|1074|1,14906,2026-06-10,4182,683,29161,23:45:00,11:45 pm,31,1074,1,Caballa Ps,Hector Florentino,Benjamin J. Meredith,
29161|1088|2,14906,2026-06-10,4182,683,29161,23:45:00,11:45 pm,31,1088,2,Titan,Mckenzie Miller,Conan Conway,
29161|1266|3,14906,2026-06-10,4182,683,29161,23:45:00,11:45 pm,31,1266,3,Hopeful Z,Sophia Ayers,Ben Taylor,
29161|1272|4,14906,2026-06-10,4182,683,29161,23:45:00,11:45 pm,31,1272,4,Mtm Anonymous Z,Aaron Vale,Ben Taylor,
29161|1279|5,14906,2026-06-10,4182,683,29161,23:45:00,11:45 pm,31,1279,5,Samba Do Brasil,Aaron Vale,Ben Taylor,
29161|1326|6,14906,2026-06-10,4182,683,29161,23:45:00,11:45 pm,31,1326,6,The Getaway Car,Lanie Nash,Dawn Hersey,
29161|1442|7,14906,2026-06-10,4182,683,29161,23:45:00,11:45 pm,31,1442,7,Rr Monster,Mckenzie Badley,Matthew Le Master,
29161|1485|8,14906,2026-06-10,4182,683,29161,23:45:00,11:45 pm,31,1485,8,Roncevert,Lanie Nash,Dawn Hersey,
29161|1508|9,14906,2026-06-10,4182,683,29161,23:45:00,11:45 pm,31,1508,9,Guerrera,Dakota Sheikh,Mario Garcia,
29161|1645|10,14906,2026-06-10,4182,683,29161,23:45:00,11:45 pm,31,1645,10,Comedian Of Picobello Z,Sebastian Presa Tejada,Juan A. Rodriguez Silva,
29161|1646|11,14906,2026-06-10,4182,683,29161,23:45:00,11:45 pm,31,1646,11,Con Sol,Nicole Presa Tejada,Juan A. Rodriguez Silva,
29161|1706|12,14906,2026-06-10,4182,683,29161,23:45:00,11:45 pm,31,1706,12,Airway Semilly,Ella Walker,Anne L. Bingler,
29161|1744|13,14906,2026-06-10,4182,683,29161,23:45:00,11:45 pm,31,1744,13,Diatoon Blue Ps,Madison Rose,Madison Rose,
29161|1776|14,14906,2026-06-10,4182,683,29161,23:45:00,11:45 pm,31,1776,14,Lavei,Alyson Jones,Kim Taylor,
29161|1794|15,14906,2026-06-10,4182,683,29161,23:45:00,11:45 pm,31,1794,15,Chico Bella Z,Lily Niebur,Louise Pejstrup,
29161|2072|16,14906,2026-06-10,4182,683,29161,23:45:00,11:45 pm,31,2072,16,O'Quality Z,Kyle Dewar,Kyle Dewar,
29161|2187|17,14906,2026-06-10,4182,683,29161,23:45:00,11:45 pm,31,2187,17,En Vogue,Maddison Stephen,David Cameron,
29161|2389|18,14906,2026-06-10,4182,683,29161,23:45:00,11:45 pm,31,2389,18,Fanfan Boy,Tanner Korotkin,Alan Korotkin,
29161|2521|19,14906,2026-06-10,4182,683,29161,23:45:00,11:45 pm,31,2521,19,Excel Star Fair Play,Alexandra Hird,August Torsilieri,
29161|2532|20,14906,2026-06-10,4182,683,29161,23:45:00,11:45 pm,31,2532,20,Solaguayre Chaquensi,Gianni Gabrielli,Gianni Gabrielli,
29161|2563|21,14906,2026-06-10,4182,683,29161,23:45:00,11:45 pm,31,2563,21,Itoulon B,Spencer Brittan,Spencer Brittan,
29161|2564|22,14906,2026-06-10,4182,683,29161,23:45:00,11:45 pm,31,2564,22,Larcelo,Spencer Brittan,Spencer Brittan,
29161|2822|23,14906,2026-06-10,4182,683,29161,23:45:00,11:45 pm,31,2822,23,Chabluevara Ps,Ryan Michael Genn,Ryan Michael Genn,
29161|2836|24,14906,2026-06-10,4182,683,29161,23:45:00,11:45 pm,31,2836,24,Forseti,Ben Taylor,Ben Taylor,
29161|2946|25,14906,2026-06-10,4182,683,29161,23:45:00,11:45 pm,31,2946,25,Calderon T,Andras Szieberth,Andras Szieberth,
29161|2985|26,14906,2026-06-10,4182,683,29161,23:45:00,11:45 pm,31,2985,26,Vdl Masque-Unea,Savannah Groselle,Savannah Groselle,
29161|2987|27,14906,2026-06-10,4182,683,29161,23:45:00,11:45 pm,31,2987,27,Million's Crack Ki,Ana Elena Armas,Luciano Dome,
29161|2994|28,14906,2026-06-10,4182,683,29161,23:45:00,11:45 pm,31,2994,28,Stapleton Asha,Lilly Mack,Dennis Mitchell,
29161|2998|29,14906,2026-06-10,4182,683,29161,23:45:00,11:45 pm,31,2998,29,Granslam De Lezellec,Lilly Mack,Dennis Mitchell,
29161|3001|30,14906,2026-06-10,4182,683,29161,23:45:00,11:45 pm,31,3001,30,Kilenka Gl,Alyssa Amberge,Alyssa Amberge,
29161|3047|31,14906,2026-06-10,4182,683,29161,23:45:00,11:45 pm,31,3047,31,Jasmin De L’abbaye,Gianni Gabrielli,Gianni Gabrielli,
29451|1319|1,14906,2026-06-10,4182,683,29451,13:30:00,1:30 pm,11,1319,1,High Time,Anne C. Hormel,Camille Maynard,
29451|1424|2,14906,2026-06-10,4182,683,29451,13:30:00,1:30 pm,11,1424,2,Arthur,Stefano Baruzzo,Stefano Baruzzo,
29451|1441|3,14906,2026-06-10,4182,683,29451,13:30:00,1:30 pm,11,1441,3,Princeton Mk,Matthew Le Master,Matthew Le Master,
29451|1589|4,14906,2026-06-10,4182,683,29451,13:30:00,1:30 pm,11,1589,4,Kali,Mireya Godoy,Juan M. Bolanos,
29451|1737|5,14906,2026-06-10,4182,683,29451,13:30:00,1:30 pm,11,1737,5,Vienna Van't Kiezelhof Lhf,Marcus Gruenthal,Marcus Gruenthal,
29451|1763|6,14906,2026-06-10,4182,683,29451,13:30:00,1:30 pm,11,1763,6,Dominic Toretto,Ashlee Bond,Ashlee Bond,
29451|2079|7,14906,2026-06-10,4182,683,29451,13:30:00,1:30 pm,11,2079,7,Orange Blossom Na,Sarah Kerins,Darragh Kerins,
29451|2884|8,14906,2026-06-10,4182,683,29451,13:30:00,1:30 pm,11,2884,8,Karma,Ryan Michael Genn,Ryan Michael Genn,
29451|3040|9,14906,2026-06-10,4182,683,29451,13:30:00,1:30 pm,11,3040,9,Olivia Ve,Anthony Sauriol,Anthony Sauriol,
29451|3048|10,14906,2026-06-10,4182,683,29451,13:30:00,1:30 pm,11,3048,10,Conchacco Ps,Alyssa Pascucci,Alyssa Pascucci,
29451|3049|11,14906,2026-06-10,4182,683,29451,13:30:00,1:30 pm,11,3049,11,Donna Lucardie Z,Francesca Chiatti,Anna Christina Gansauer,
29433|1106|1,14906,2026-06-10,4182,683,29433,14:15:00,2:15 pm,13,1106,1,Naomi Hpf,Hector Florentino,Benjamin J. Meredith,
29433|1247|2,14906,2026-06-10,4182,683,29433,14:15:00,2:15 pm,13,1247,2,Captain Marvel CF,Erica Robson,Erica Robson,
29433|1435|3,14906,2026-06-10,4182,683,29433,14:15:00,2:15 pm,13,1435,3,Hellcat,Megan O'Brien,Megan O'Brien,
29433|1480|4,14906,2026-06-10,4182,683,29433,14:15:00,2:15 pm,13,1480,4,Ameko Chaccord,Taylor Manning,Taylor Manning,
29433|1726|5,14906,2026-06-10,4182,683,29433,14:15:00,2:15 pm,13,1726,5,As You Are,Miro Frey,Stephanie Frey,
29433|2340|6,14906,2026-06-10,4182,683,29433,14:15:00,2:15 pm,13,2340,6,Penelope De La Fresnière,Luke Sassi,Luke Sassi,
29433|2431|7,14906,2026-06-10,4182,683,29433,14:15:00,2:15 pm,13,2431,7,Virgules Balou Van 'T Neerhof,Alexandra Goetze Bell,Alexandra Goetze Bell,
29433|2930|8,14906,2026-06-10,4182,683,29433,14:15:00,2:15 pm,13,2930,8,Miracle Van De Beiaard Z,Declan Egan,Declan Egan,
29433|2949|9,14906,2026-06-10,4182,683,29433,14:15:00,2:15 pm,13,2949,9,Nadia I,Andras Szieberth,Andras Szieberth,
29433|2954|10,14906,2026-06-10,4182,683,29433,14:15:00,2:15 pm,13,2954,10,Dropshot Z,Paige Jones,Dominique H. Damico,
29433|2968|11,14906,2026-06-10,4182,683,29433,14:15:00,2:15 pm,13,2968,11,Anthem L.a. Z,Luciano Dome,Luciano Dome,
29433|3015|12,14906,2026-06-10,4182,683,29433,14:15:00,2:15 pm,13,3015,12,6-7,Kinser Vale,Ben Taylor,
29433|3045|13,14906,2026-06-10,4182,683,29433,14:15:00,2:15 pm,13,3045,13,Hpf Melania,Francisco Vaca,Shannon Y. Clifford,
29433|3049|14,14906,2026-06-10,4182,683,29433,14:15:00,2:15 pm,13,3049,14,Donna Lucardie Z,Francesca Chiatti,Anna Christina Gansauer,
33493|1082|1,14906,2026-06-10,3889,675,33493,08:30:00,8:30am,6,1082,1,Skat 15,Laura Linback,Troy Linback,
33493|1790|2,14906,2026-06-10,3889,675,33493,08:30:00,8:30am,6,1790,2,Cataumet,Lauren Schweppe,Lauren Schweppe,
33493|1854|3,14906,2026-06-10,3889,675,33493,08:30:00,8:30am,6,1854,3,Keira Usa,Madison Wayda Smith,Kyle Dewar,
33493|2827|4,14906,2026-06-10,3889,675,33493,08:30:00,8:30am,6,2827,4,Lord Carlino,Alexandra Hird,August Torsilieri,
33493|3005|5,14906,2026-06-10,3889,675,33493,08:30:00,8:30am,6,3005,5,Kilmastulla Quality Touch,Seanna Reser,Stacey L. Reser,
33493|3018|6,14906,2026-06-10,3889,675,33493,08:30:00,8:30am,6,3018,6,Corzico Melloni Z,Dorothy Douglas,Jelmer Hoekstra,
33494|1082|1,14906,2026-06-10,3889,675,33494,08:30:00,8:30am,6,1082,1,Skat 15,Laura Linback,Troy Linback,
33494|1790|2,14906,2026-06-10,3889,675,33494,08:30:00,8:30am,6,1790,2,Cataumet,Lauren Schweppe,Lauren Schweppe,
33494|1854|3,14906,2026-06-10,3889,675,33494,08:30:00,8:30am,6,1854,3,Keira Usa,Madison Wayda Smith,Kyle Dewar,
33494|2827|4,14906,2026-06-10,3889,675,33494,08:30:00,8:30am,6,2827,4,Lord Carlino,Alexandra Hird,August Torsilieri,
33494|3005|5,14906,2026-06-10,3889,675,33494,08:30:00,8:30am,6,3005,5,Kilmastulla Quality Touch,Seanna Reser,Stacey L. Reser,
33494|3018|6,14906,2026-06-10,3889,675,33494,08:30:00,8:30am,6,3018,6,Corzico Melloni Z,Dorothy Douglas,Jelmer Hoekstra,
29071|1031|1,14906,2026-06-10,3889,675,29071,09:30:00,9:30 am,13,1031,1,Hurricane,Carsyn Korotkin,Alan Korotkin,
29071|1183|2,14906,2026-06-10,3889,675,29071,09:30:00,9:30 am,13,1183,2,Mastermind,Naomi Selleck,Alan Korotkin,
29071|1555|3,14906,2026-06-10,3889,675,29071,09:30:00,9:30 am,13,1555,3,Katch Can-Do,Olivia Israel,Jenny Miller,
29071|1564|4,14906,2026-06-10,3889,675,29071,09:30:00,9:30 am,13,1564,4,Mtm Silhouette,Bowers A. Cone,Stephen Dicarlo,
29071|1749|5,14906,2026-06-10,3889,675,29071,09:30:00,9:30 am,13,1749,5,Coffee,Kirsten L. Malacarne,George J. Bessette,
29071|1846|6,14906,2026-06-10,3889,675,29071,09:30:00,9:30 am,13,1846,6,Carlos He’las,Evana Somareddy,Heather Dayner,
29071|1876|7,14906,2026-06-10,3889,675,29071,09:30:00,9:30 am,13,1876,7,Churchill Blue,Dorothy Douglas,Tara G. Bostwick,
29071|2361|8,14906,2026-06-10,3889,675,29071,09:30:00,9:30 am,13,2361,8,Casuall,John Michael Durr,John Michael Durr,
29071|2383|9,14906,2026-06-10,3889,675,29071,09:30:00,9:30 am,13,2383,9,A La Quattro S,Vivian Heyer,August Torsilieri,
29071|2542|10,14906,2026-06-10,3889,675,29071,09:30:00,9:30 am,13,2542,10,Sunkist,Timothy Maddrix,Terry L. Brown,
29071|2720|11,14906,2026-06-10,3889,675,29071,09:30:00,9:30 am,13,2720,11,Espresso,Molly Frei,Sven Frei,
29071|3022|12,14906,2026-06-10,3889,675,29071,09:30:00,9:30 am,13,3022,12,Netezwiggy Vd Watermolen,Dorothy Douglas,Jelmer Hoekstra,
29072|1031|1,14906,2026-06-10,3889,675,29072,09:30:00,9:30 am,13,1031,1,Hurricane,Carsyn Korotkin,Alan Korotkin,
29072|1183|2,14906,2026-06-10,3889,675,29072,09:30:00,9:30 am,13,1183,2,Mastermind,Naomi Selleck,Alan Korotkin,
29072|1555|3,14906,2026-06-10,3889,675,29072,09:30:00,9:30 am,13,1555,3,Katch Can-Do,Olivia Israel,Jenny Miller,
29072|1564|4,14906,2026-06-10,3889,675,29072,09:30:00,9:30 am,13,1564,4,Mtm Silhouette,Bowers A. Cone,Stephen Dicarlo,
29072|1576|5,14906,2026-06-10,3889,675,29072,09:30:00,9:30 am,13,1576,5,Cadenza,Kelsey Duffy,Kelsey Duffy,
29072|1749|6,14906,2026-06-10,3889,675,29072,09:30:00,9:30 am,13,1749,6,Coffee,Kirsten L. Malacarne,George J. Bessette,
29072|1846|7,14906,2026-06-10,3889,675,29072,09:30:00,9:30 am,13,1846,7,Carlos He’las,Evana Somareddy,Heather Dayner,
29072|1876|8,14906,2026-06-10,3889,675,29072,09:30:00,9:30 am,13,1876,8,Churchill Blue,Reagan Williams,Tara G. Bostwick,
29072|2361|9,14906,2026-06-10,3889,675,29072,09:30:00,9:30 am,13,2361,9,Casuall,John Michael Durr,John Michael Durr,
29072|2383|10,14906,2026-06-10,3889,675,29072,09:30:00,9:30 am,13,2383,10,A La Quattro S,Vivian Heyer,August Torsilieri,
29072|2542|11,14906,2026-06-10,3889,675,29072,09:30:00,9:30 am,13,2542,11,Sunkist,Timothy Maddrix,Terry L. Brown,
29072|2720|12,14906,2026-06-10,3889,675,29072,09:30:00,9:30 am,13,2720,12,Espresso,Molly Frei,Sven Frei,
29072|3022|13,14906,2026-06-10,3889,675,29072,09:30:00,9:30 am,13,3022,13,Netezwiggy Vd Watermolen,Dorothy Douglas,Jelmer Hoekstra,
29297|1576|1,14906,2026-06-10,3889,675,29297,09:30:00,9:30 am,8,1576,1,Cadenza,Kelsey Duffy,Kelsey Duffy,
29297|1760|2,14906,2026-06-10,3889,675,29297,09:30:00,9:30 am,8,1760,2,Pistachio,Stephanie Frey,Stephanie Frey,
29297|2182|3,14906,2026-06-10,3889,675,29297,09:30:00,9:30 am,8,2182,3,Outlaw,Isabella Agliano,Robert P. Stucky,
29297|2329|4,14906,2026-06-10,3889,675,29297,09:30:00,9:30 am,8,2329,4,Mtm Rico Suave,Tracy Fenney,Michael J. Mccormick,
29297|2720|5,14906,2026-06-10,3889,675,29297,09:30:00,9:30 am,8,2720,5,Espresso,Molly Frei,Sven Frei,
29297|2867|6,14906,2026-06-10,3889,675,29297,09:30:00,9:30 am,8,2867,6,Chef Special,Tracy Fenney,Michael J. Mccormick,
29297|2927|7,14906,2026-06-10,3889,675,29297,09:30:00,9:30 am,8,2927,7,Dexter,Jake Evans,Jake Evans,
29297|3022|8,14906,2026-06-10,3889,675,29297,09:30:00,9:30 am,8,3022,8,Netezwiggy Vd Watermolen,Dorothy Douglas,Jelmer Hoekstra,
29298|1576|1,14906,2026-06-10,3889,675,29298,09:30:00,9:30 am,8,1576,1,Cadenza,Kelsey Duffy,Kelsey Duffy,
29298|1760|2,14906,2026-06-10,3889,675,29298,09:30:00,9:30 am,8,1760,2,Pistachio,Stephanie Frey,Stephanie Frey,
29298|2182|3,14906,2026-06-10,3889,675,29298,09:30:00,9:30 am,8,2182,3,Outlaw,Isabella Agliano,Robert P. Stucky,
29298|2329|4,14906,2026-06-10,3889,675,29298,09:30:00,9:30 am,8,2329,4,Mtm Rico Suave,Tracy Fenney,Michael J. Mccormick,
29298|2720|5,14906,2026-06-10,3889,675,29298,09:30:00,9:30 am,8,2720,5,Espresso,Molly Frei,Sven Frei,
29298|2867|6,14906,2026-06-10,3889,675,29298,09:30:00,9:30 am,8,2867,6,Chef Special,Tracy Fenney,Michael J. Mccormick,
29298|2927|7,14906,2026-06-10,3889,675,29298,09:30:00,9:30 am,8,2927,7,Dexter,Jake Evans,Jake Evans,
29298|3022|8,14906,2026-06-10,3889,675,29298,09:30:00,9:30 am,8,3022,8,Netezwiggy Vd Watermolen,Dorothy Douglas,Jelmer Hoekstra,
29301|1576|1,14906,2026-06-10,3889,675,29301,12:00:00,12:00 pm,8,1576,1,Cadenza,Kelsey Duffy,Kelsey Duffy,
29301|1760|2,14906,2026-06-10,3889,675,29301,12:00:00,12:00 pm,8,1760,2,Pistachio,Stephanie Frey,Stephanie Frey,
29301|2182|3,14906,2026-06-10,3889,675,29301,12:00:00,12:00 pm,8,2182,3,Outlaw,Isabella Agliano,Robert P. Stucky,
29301|2329|4,14906,2026-06-10,3889,675,29301,12:00:00,12:00 pm,8,2329,4,Mtm Rico Suave,Tracy Fenney,Michael J. Mccormick,
29301|2720|5,14906,2026-06-10,3889,675,29301,12:00:00,12:00 pm,8,2720,5,Espresso,Molly Frei,Sven Frei,
29301|2867|6,14906,2026-06-10,3889,675,29301,12:00:00,12:00 pm,8,2867,6,Chef Special,Tracy Fenney,Michael J. Mccormick,
29301|2927|7,14906,2026-06-10,3889,675,29301,12:00:00,12:00 pm,8,2927,7,Dexter,Jake Evans,Jake Evans,
29301|3022|8,14906,2026-06-10,3889,675,29301,12:00:00,12:00 pm,8,3022,8,Netezwiggy Vd Watermolen,Dorothy Douglas,Jelmer Hoekstra,
29327|1095|1,14906,2026-06-10,3889,675,29327,12:30:00,12:30 pm,13,1095,1,Cabana Boy,Isaac Leffkowitz,Isaac Leffkowitz,
29327|1098|2,14906,2026-06-10,3889,675,29327,12:30:00,12:30 pm,13,1098,2,Royal Mark,Isaac Leffkowitz,Isaac Leffkowitz,
29327|1428|3,14906,2026-06-10,3889,675,29327,12:30:00,12:30 pm,13,1428,3,Insightful,Lanie Nash,Dawn Hersey,
29327|1521|4,14906,2026-06-10,3889,675,29327,12:30:00,12:30 pm,13,1521,4,Ziggy Stardust,Bowers A. Cone,Stephen Dicarlo,
29327|1555|5,14906,2026-06-10,3889,675,29327,12:30:00,12:30 pm,13,1555,5,Katch Can-Do,Olivia Israel,Jenny Miller,
29327|1749|6,14906,2026-06-10,3889,675,29327,12:30:00,12:30 pm,13,1749,6,Coffee,Kirsten L. Malacarne,George J. Bessette,
29327|1926|7,14906,2026-06-10,3889,675,29327,12:30:00,12:30 pm,13,1926,7,Costello,Allison Beck,Derek Van Der Burgh,
29327|1976|8,14906,2026-06-10,3889,675,29327,12:30:00,12:30 pm,13,1976,8,Debonair,Jennifer Tate,Jennifer Tate,
29327|2368|9,14906,2026-06-10,3889,675,29327,12:30:00,12:30 pm,13,2368,9,Cheque,Jake Evans,Jake Evans,
29327|2634|10,14906,2026-06-10,3889,675,29327,12:30:00,12:30 pm,13,2634,10,Mtm Nutmeg,Rachel Zaluski,Natalie Geller,
29327|2664|11,14906,2026-06-10,3889,675,29327,12:30:00,12:30 pm,13,2664,11,Callisto,Angela Gais,Angela Gais,
29327|2986|12,14906,2026-06-10,3889,675,29327,12:30:00,12:30 pm,13,2986,12,Maui,Eva Bernstein,Matt Martin,
29327|3030|13,14906,2026-06-10,3889,675,29327,12:30:00,12:30 pm,13,3030,13,Missy Vd Vosberg,Stacey L. Reser,Stacey L. Reser,
29328|1095|1,14906,2026-06-10,3889,675,29328,12:30:00,12:30 pm,12,1095,1,Cabana Boy,Isaac Leffkowitz,Isaac Leffkowitz,
29328|1098|2,14906,2026-06-10,3889,675,29328,12:30:00,12:30 pm,12,1098,2,Royal Mark,Isaac Leffkowitz,Isaac Leffkowitz,
29328|1428|3,14906,2026-06-10,3889,675,29328,12:30:00,12:30 pm,12,1428,3,Insightful,Lanie Nash,Dawn Hersey,
29328|1521|4,14906,2026-06-10,3889,675,29328,12:30:00,12:30 pm,12,1521,4,Ziggy Stardust,Bowers A. Cone,Stephen Dicarlo,
29328|1555|5,14906,2026-06-10,3889,675,29328,12:30:00,12:30 pm,12,1555,5,Katch Can-Do,Olivia Israel,Jenny Miller,
29328|1749|6,14906,2026-06-10,3889,675,29328,12:30:00,12:30 pm,12,1749,6,Coffee,Kirsten L. Malacarne,George J. Bessette,
29328|1976|7,14906,2026-06-10,3889,675,29328,12:30:00,12:30 pm,12,1976,7,Debonair,Jennifer Tate,Jennifer Tate,
29328|2368|8,14906,2026-06-10,3889,675,29328,12:30:00,12:30 pm,12,2368,8,Cheque,Jake Evans,Jake Evans,
29328|2634|9,14906,2026-06-10,3889,675,29328,12:30:00,12:30 pm,12,2634,9,Mtm Nutmeg,Rachel Zaluski,Natalie Geller,
29328|2664|10,14906,2026-06-10,3889,675,29328,12:30:00,12:30 pm,12,2664,10,Callisto,Angela Gais,Angela Gais,
29328|2986|11,14906,2026-06-10,3889,675,29328,12:30:00,12:30 pm,12,2986,11,Maui,Eva Bernstein,Matt Martin,
29328|3030|12,14906,2026-06-10,3889,675,29328,12:30:00,12:30 pm,12,3030,12,Missy Vd Vosberg,Stacey L. Reser,Stacey L. Reser,
29331|1098|1,14906,2026-06-10,3889,675,29331,,,5,1098,1,Royal Mark,Isaac Leffkowitz,Isaac Leffkowitz,
29331|2368|2,14906,2026-06-10,3889,675,29331,,,5,2368,2,Cheque,Jake Evans,Jake Evans,
29331|2664|3,14906,2026-06-10,3889,675,29331,,,5,2664,3,Callisto,Angela Gais,Angela Gais,
29331|2986|4,14906,2026-06-10,3889,675,29331,,,5,2986,4,Maui,Eva Bernstein,Matt Martin,
29331|3030|5,14906,2026-06-10,3889,675,29331,,,5,3030,5,Missy Vd Vosberg,Stacey L. Reser,Stacey L. Reser,
29066|1041|1,14906,2026-06-10,3895,676,29066,08:00:00,8:00 am,11,1041,1,Luminosity Class,Tanner Korotkin,Alan Korotkin,
29066|1249|2,14906,2026-06-10,3895,676,29066,08:00:00,8:00 am,11,1249,2,Colombiana,Erica Robson,Erica Robson,
29066|1522|3,14906,2026-06-10,3895,676,29066,08:00:00,8:00 am,11,1522,3,Calid 3,Jake Evans,Jake Evans,
29066|1728|4,14906,2026-06-10,3895,676,29066,08:00:00,8:00 am,11,1728,4,Simpatico,Stephanie Frey,Stephanie Frey,
29066|2049|5,14906,2026-06-10,3895,676,29066,08:00:00,8:00 am,11,2049,5,Top Secret Hk,Helen Goddard,Helen Goddard,
29066|2603|6,14906,2026-06-10,3895,676,29066,08:00:00,8:00 am,11,2603,6,Dominus Z,Charlotte H. Wiese,Jasmine Walsh,
29066|2604|7,14906,2026-06-10,3895,676,29066,08:00:00,8:00 am,11,2604,7,Hand Painted,Jasmine Walsh,Jasmine Walsh,
29066|2608|8,14906,2026-06-10,3895,676,29066,08:00:00,8:00 am,11,2608,8,Vincent Van Gough,Jasmine Walsh,Jasmine Walsh,
29066|2794|9,14906,2026-06-10,3895,676,29066,08:00:00,8:00 am,11,2794,9,Joylon Gb,Eva Bernstein,Matt Martin,
29066|2868|10,14906,2026-06-10,3895,676,29066,08:00:00,8:00 am,11,2868,10,Mtm Drop The Mic,Tracy Fenney,Michael J. Mccormick,
29066|3043|11,14906,2026-06-10,3895,676,29066,08:00:00,8:00 am,11,3043,11,Playground,Dorothy Douglas,Jelmer Hoekstra,
29067|1041|1,14906,2026-06-10,3895,676,29067,08:00:00,8:00 am,11,1041,1,Luminosity Class,Tanner Korotkin,Alan Korotkin,
29067|1249|2,14906,2026-06-10,3895,676,29067,08:00:00,8:00 am,11,1249,2,Colombiana,Erica Robson,Erica Robson,
29067|1522|3,14906,2026-06-10,3895,676,29067,08:00:00,8:00 am,11,1522,3,Calid 3,Jake Evans,Jake Evans,
29067|1728|4,14906,2026-06-10,3895,676,29067,08:00:00,8:00 am,11,1728,4,Simpatico,Stephanie Frey,Stephanie Frey,
29067|2049|5,14906,2026-06-10,3895,676,29067,08:00:00,8:00 am,11,2049,5,Top Secret Hk,Helen Goddard,Helen Goddard,
29067|2603|6,14906,2026-06-10,3895,676,29067,08:00:00,8:00 am,11,2603,6,Dominus Z,Charlotte H. Wiese,Jasmine Walsh,
29067|2604|7,14906,2026-06-10,3895,676,29067,08:00:00,8:00 am,11,2604,7,Hand Painted,Jasmine Walsh,Jasmine Walsh,
29067|2608|8,14906,2026-06-10,3895,676,29067,08:00:00,8:00 am,11,2608,8,Vincent Van Gough,Jasmine Walsh,Jasmine Walsh,
29067|2794|9,14906,2026-06-10,3895,676,29067,08:00:00,8:00 am,11,2794,9,Joylon Gb,Eva Bernstein,Matt Martin,
29067|2868|10,14906,2026-06-10,3895,676,29067,08:00:00,8:00 am,11,2868,10,Mtm Drop The Mic,Tracy Fenney,Michael J. Mccormick,
29067|3043|11,14906,2026-06-10,3895,676,29067,08:00:00,8:00 am,11,3043,11,Playground,Dorothy Douglas,Jelmer Hoekstra,
29302|1217|1,14906,2026-06-10,3895,676,29302,08:00:00,8:00 am,8,1217,1,Dream Boat,Megan Wexler,Megan Wexler,
29302|1522|2,14906,2026-06-10,3895,676,29302,08:00:00,8:00 am,8,1522,2,Calid 3,Jake Evans,Jake Evans,
29302|1665|3,14906,2026-06-10,3895,676,29302,08:00:00,8:00 am,8,1665,3,Salt Spring,Kyle Dewar,Kyle Dewar,
29302|1728|4,14906,2026-06-10,3895,676,29302,08:00:00,8:00 am,8,1728,4,Simpatico,Stephanie Frey,Stephanie Frey,
29302|1823|5,14906,2026-06-10,3895,676,29302,08:00:00,8:00 am,8,1823,5,Aperture Vf,Lia Screnci,Lia Screnci,
29302|2393|6,14906,2026-06-10,3895,676,29302,08:00:00,8:00 am,8,2393,6,United's Choice,Dana Ventrice,Dana Ventrice,
29302|2608|7,14906,2026-06-10,3895,676,29302,08:00:00,8:00 am,8,2608,7,Vincent Van Gough,Jasmine Walsh,Jasmine Walsh,
29302|2868|8,14906,2026-06-10,3895,676,29302,08:00:00,8:00 am,8,2868,8,Mtm Drop The Mic,Tracy Fenney,Michael J. Mccormick,
29303|1217|1,14906,2026-06-10,3895,676,29303,08:00:00,8:00 am,8,1217,1,Dream Boat,Megan Wexler,Megan Wexler,
29303|1522|2,14906,2026-06-10,3895,676,29303,08:00:00,8:00 am,8,1522,2,Calid 3,Jake Evans,Jake Evans,
29303|1665|3,14906,2026-06-10,3895,676,29303,08:00:00,8:00 am,8,1665,3,Salt Spring,Kyle Dewar,Kyle Dewar,
29303|1728|4,14906,2026-06-10,3895,676,29303,08:00:00,8:00 am,8,1728,4,Simpatico,Stephanie Frey,Stephanie Frey,
29303|1823|5,14906,2026-06-10,3895,676,29303,08:00:00,8:00 am,8,1823,5,Aperture Vf,Lia Screnci,Lia Screnci,
29303|2393|6,14906,2026-06-10,3895,676,29303,08:00:00,8:00 am,8,2393,6,United's Choice,Dana Ventrice,Dana Ventrice,
29303|2608|7,14906,2026-06-10,3895,676,29303,08:00:00,8:00 am,8,2608,7,Vincent Van Gough,Jasmine Walsh,Jasmine Walsh,
29303|2868|8,14906,2026-06-10,3895,676,29303,08:00:00,8:00 am,8,2868,8,Mtm Drop The Mic,Tracy Fenney,Michael J. Mccormick,
29306|1217|1,14906,2026-06-10,3895,676,29306,10:00:00,10:00 am,8,1217,1,Dream Boat,Megan Wexler,Megan Wexler,
29306|1522|2,14906,2026-06-10,3895,676,29306,10:00:00,10:00 am,8,1522,2,Calid 3,Jake Evans,Jake Evans,
29306|1665|3,14906,2026-06-10,3895,676,29306,10:00:00,10:00 am,8,1665,3,Salt Spring,Kyle Dewar,Kyle Dewar,
29306|1728|4,14906,2026-06-10,3895,676,29306,10:00:00,10:00 am,8,1728,4,Simpatico,Stephanie Frey,Stephanie Frey,
29306|1823|5,14906,2026-06-10,3895,676,29306,10:00:00,10:00 am,8,1823,5,Aperture Vf,Lia Screnci,Lia Screnci,
29306|2393|6,14906,2026-06-10,3895,676,29306,10:00:00,10:00 am,8,2393,6,United's Choice,Dana Ventrice,Dana Ventrice,
29306|2608|7,14906,2026-06-10,3895,676,29306,10:00:00,10:00 am,8,2608,7,Vincent Van Gough,Jasmine Walsh,Jasmine Walsh,
29306|2868|8,14906,2026-06-10,3895,676,29306,10:00:00,10:00 am,8,2868,8,Mtm Drop The Mic,Tracy Fenney,Michael J. Mccormick,
29264|1049|1,14906,2026-06-10,3895,676,29264,10:30:00,10:30 am,21,1049,1,Vote For Pedro,Carsyn Korotkin,Alan Korotkin,
29264|1222|2,14906,2026-06-10,3895,676,29264,10:30:00,10:30 am,21,1222,2,Ladies Night,Megan Wexler,Megan Wexler,
29264|1453|3,14906,2026-06-10,3895,676,29264,10:30:00,10:30 am,21,1453,3,Childhood Dream,Lanie Nash,Dawn Hersey,
29264|1748|4,14906,2026-06-10,3895,676,29264,10:30:00,10:30 am,21,1748,4,Center Stage,Kirsten L. Malacarne,George J. Bessette,
29264|1774|5,14906,2026-06-10,3895,676,29264,10:30:00,10:30 am,21,1774,5,Endeavor In His Name,Alyson Jones,Kim Taylor,
29264|1848|6,14906,2026-06-10,3895,676,29264,10:30:00,10:30 am,21,1848,6,Mystery Man,Schuyler Dayner,Heather Dayner,
29264|1977|7,14906,2026-06-10,3895,676,29264,10:30:00,10:30 am,21,1977,7,Just A Gentleman,Brittany G. Wyatt,Stephanie Free,
29264|2049|8,14906,2026-06-10,3895,676,29264,10:30:00,10:30 am,21,2049,8,Top Secret Hk,Helen Goddard,Helen Goddard,
29264|2066|9,14906,2026-06-10,3895,676,29264,10:30:00,10:30 am,21,2066,9,Red Admiral,Elizabeth C. de Golian,Elizabeth C. de Golian,
29264|2120|10,14906,2026-06-10,3895,676,29264,10:30:00,10:30 am,21,2120,10,Freeman,Caroline Willard Briles,Caroline Willard Briles,
29264|2387|11,14906,2026-06-10,3895,676,29264,10:30:00,10:30 am,21,2387,11,Winterfells Castle Black,Sierra Montgomery,Lisa Hasenbeck,
29264|2522|12,14906,2026-06-10,3895,676,29264,10:30:00,10:30 am,21,2522,12,Remix De Ganad,Alexandra Hird,August Torsilieri,
29264|2623|13,14906,2026-06-10,3895,676,29264,10:30:00,10:30 am,21,2623,13,Sophistakkato,Katherine Nunez,Debra L. Ward,
29264|2820|14,14906,2026-06-10,3895,676,29264,10:30:00,10:30 am,21,2820,14,Peyton Cm Kapade,Angelina M Palmeri,Derek Van Der Burgh,
29264|2865|15,14906,2026-06-10,3895,676,29264,10:30:00,10:30 am,21,2865,15,Ewsz Chardonnay,Kalli Core,Bobby Boulger,
29264|2943|16,14906,2026-06-10,3895,676,29264,10:30:00,10:30 am,21,2943,16,Gladrags,Stephanie Frey,Stephanie Frey,
29264|2969|17,14906,2026-06-10,3895,676,29264,10:30:00,10:30 am,21,2969,17,Kismet,Joshua Tabor,Joshua Tabor,
29264|2974|18,14906,2026-06-10,3895,676,29264,10:30:00,10:30 am,21,2974,18,St. Nick,Kalli Core,Bobby Boulger,
29264|2977|19,14906,2026-06-10,3895,676,29264,10:30:00,10:30 am,21,2977,19,Dialey Ak,Helen Goddard,Helen Goddard,
29264|2978|20,14906,2026-06-10,3895,676,29264,10:30:00,10:30 am,21,2978,20,Toussant,Helen Goddard,Helen Goddard,
29264|3034|21,14906,2026-06-10,3895,676,29264,10:30:00,10:30 am,21,3034,21,Napoleon,Robert P. Stucky,Robert P. Stucky,
29263|1049|1,14906,2026-06-10,3895,676,29263,10:30:00,10:30 am,20,1049,1,Vote For Pedro,Carsyn Korotkin,Alan Korotkin,
29263|1222|2,14906,2026-06-10,3895,676,29263,10:30:00,10:30 am,20,1222,2,Ladies Night,Megan Wexler,Megan Wexler,
29263|1453|3,14906,2026-06-10,3895,676,29263,10:30:00,10:30 am,20,1453,3,Childhood Dream,Lanie Nash,Dawn Hersey,
29263|1748|4,14906,2026-06-10,3895,676,29263,10:30:00,10:30 am,20,1748,4,Center Stage,Kirsten L. Malacarne,George J. Bessette,
29263|1774|5,14906,2026-06-10,3895,676,29263,10:30:00,10:30 am,20,1774,5,Endeavor In His Name,Alyson Jones,Kim Taylor,
29263|1848|6,14906,2026-06-10,3895,676,29263,10:30:00,10:30 am,20,1848,6,Mystery Man,Schuyler Dayner,Heather Dayner,
29263|1977|7,14906,2026-06-10,3895,676,29263,10:30:00,10:30 am,20,1977,7,Just A Gentleman,Brittany G. Wyatt,Stephanie Free,
29263|2049|8,14906,2026-06-10,3895,676,29263,10:30:00,10:30 am,20,2049,8,Top Secret Hk,Helen Goddard,Helen Goddard,
29263|2120|9,14906,2026-06-10,3895,676,29263,10:30:00,10:30 am,20,2120,9,Freeman,Caroline Willard Briles,Caroline Willard Briles,
29263|2387|10,14906,2026-06-10,3895,676,29263,10:30:00,10:30 am,20,2387,10,Winterfells Castle Black,Sierra Montgomery,Lisa Hasenbeck,
29263|2522|11,14906,2026-06-10,3895,676,29263,10:30:00,10:30 am,20,2522,11,Remix De Ganad,Alexandra Hird,August Torsilieri,
29263|2623|12,14906,2026-06-10,3895,676,29263,10:30:00,10:30 am,20,2623,12,Sophistakkato,Katherine Nunez,Debra L. Ward,
29263|2820|13,14906,2026-06-10,3895,676,29263,10:30:00,10:30 am,20,2820,13,Peyton Cm Kapade,Angelina M Palmeri,Derek Van Der Burgh,
29263|2865|14,14906,2026-06-10,3895,676,29263,10:30:00,10:30 am,20,2865,14,Ewsz Chardonnay,Kalli Core,Bobby Boulger,
29263|2943|15,14906,2026-06-10,3895,676,29263,10:30:00,10:30 am,20,2943,15,Gladrags,Stephanie Frey,Stephanie Frey,
29263|2969|16,14906,2026-06-10,3895,676,29263,10:30:00,10:30 am,20,2969,16,Kismet,Joshua Tabor,Joshua Tabor,
29263|2974|17,14906,2026-06-10,3895,676,29263,10:30:00,10:30 am,20,2974,17,St. Nick,Kalli Core,Bobby Boulger,
29263|2977|18,14906,2026-06-10,3895,676,29263,10:30:00,10:30 am,20,2977,18,Dialey Ak,Helen Goddard,Helen Goddard,
29263|2978|19,14906,2026-06-10,3895,676,29263,10:30:00,10:30 am,20,2978,19,Toussant,Helen Goddard,Helen Goddard,
29263|3034|20,14906,2026-06-10,3895,676,29263,10:30:00,10:30 am,20,3034,20,Napoleon,Robert P. Stucky,Robert P. Stucky,
29260|1222|1,14906,2026-06-10,3895,676,29260,12:45:00,12:45 pm,12,1222,1,Ladies Night,Megan Wexler,Megan Wexler,
29260|1453|2,14906,2026-06-10,3895,676,29260,12:45:00,12:45 pm,12,1453,2,Childhood Dream,Lanie Nash,Dawn Hersey,
29260|1848|3,14906,2026-06-10,3895,676,29260,12:45:00,12:45 pm,12,1848,3,Mystery Man,Schuyler Dayner,Heather Dayner,
29260|1977|4,14906,2026-06-10,3895,676,29260,12:45:00,12:45 pm,12,1977,4,Just A Gentleman,Brittany G. Wyatt,Stephanie Free,
29260|2387|5,14906,2026-06-10,3895,676,29260,12:45:00,12:45 pm,12,2387,5,Winterfells Castle Black,Sierra Montgomery,Lisa Hasenbeck,
29260|2522|6,14906,2026-06-10,3895,676,29260,12:45:00,12:45 pm,12,2522,6,Remix De Ganad,Alexandra Hird,August Torsilieri,
29260|2820|7,14906,2026-06-10,3895,676,29260,12:45:00,12:45 pm,12,2820,7,Peyton Cm Kapade,Angelina M Palmeri,Derek Van Der Burgh,
29260|2865|8,14906,2026-06-10,3895,676,29260,12:45:00,12:45 pm,12,2865,8,Ewsz Chardonnay,Kalli Core,Bobby Boulger,
29260|2941|9,14906,2026-06-10,3895,676,29260,12:45:00,12:45 pm,12,2941,9,Nightfall,Windsor Ryan,Traci A. Weston,
29260|2974|10,14906,2026-06-10,3895,676,29260,12:45:00,12:45 pm,12,2974,10,St. Nick,Kalli Core,Bobby Boulger,
29260|2978|11,14906,2026-06-10,3895,676,29260,12:45:00,12:45 pm,12,2978,11,Toussant,Helen Goddard,Helen Goddard,
29260|3034|12,14906,2026-06-10,3895,676,29260,12:45:00,12:45 pm,12,3034,12,Napoleon,Robert P. Stucky,Robert P. Stucky,
29312|1483|1,14906,2026-06-10,3895,676,29312,13:15:00,1:15 pm,4,1483,1,Thunder Shark,Fabian Herrera,Fabian Herrera,
29312|2066|2,14906,2026-06-10,3895,676,29312,13:15:00,1:15 pm,4,2066,2,Red Admiral,Elizabeth C. de Golian,Elizabeth C. de Golian,
29312|2120|3,14906,2026-06-10,3895,676,29312,13:15:00,1:15 pm,4,2120,3,Freeman,Caroline Willard Briles,Caroline Willard Briles,
29312|2969|4,14906,2026-06-10,3895,676,29312,13:15:00,1:15 pm,4,2969,4,Kismet,Joshua Tabor,Joshua Tabor,
29313|1483|1,14906,2026-06-10,3895,676,29313,13:15:00,1:15 pm,4,1483,1,Thunder Shark,Fabian Herrera,Fabian Herrera,
29313|2066|2,14906,2026-06-10,3895,676,29313,13:15:00,1:15 pm,4,2066,2,Red Admiral,Elizabeth C. de Golian,Elizabeth C. de Golian,
29313|2120|3,14906,2026-06-10,3895,676,29313,13:15:00,1:15 pm,4,2120,3,Freeman,Caroline Willard Briles,Caroline Willard Briles,
29313|2969|4,14906,2026-06-10,3895,676,29313,13:15:00,1:15 pm,4,2969,4,Kismet,Joshua Tabor,Joshua Tabor,
29316|1483|1,14906,2026-06-10,3895,676,29316,13:45:00,1:45 pm,4,1483,1,Thunder Shark,Fabian Herrera,Fabian Herrera,
29316|2066|2,14906,2026-06-10,3895,676,29316,13:45:00,1:45 pm,4,2066,2,Red Admiral,Elizabeth C. de Golian,Elizabeth C. de Golian,
29316|2120|3,14906,2026-06-10,3895,676,29316,13:45:00,1:45 pm,4,2120,3,Freeman,Caroline Willard Briles,Caroline Willard Briles,
29316|2969|4,14906,2026-06-10,3895,676,29316,13:45:00,1:45 pm,4,2969,4,Kismet,Joshua Tabor,Joshua Tabor,
29317|1221|1,14906,2026-06-10,3895,676,29317,14:00:00,2:00 pm,4,1221,1,Kobalt Des Vk,Megan Wexler,Megan Wexler,
29317|2865|2,14906,2026-06-10,3895,676,29317,14:00:00,2:00 pm,4,2865,2,Ewsz Chardonnay,Kalli Core,Bobby Boulger,
29317|2945|3,14906,2026-06-10,3895,676,29317,14:00:00,2:00 pm,4,2945,3,Koletta,Stephanie Frey,Stephanie Frey,
29317|2972|4,14906,2026-06-10,3895,676,29317,14:00:00,2:00 pm,4,2972,4,Cartier De Muze,Lincoln Russell,Lincoln Russell,
29318|1221|1,14906,2026-06-10,3895,676,29318,14:00:00,2:00 pm,4,1221,1,Kobalt Des Vk,Megan Wexler,Megan Wexler,
29318|2865|2,14906,2026-06-10,3895,676,29318,14:00:00,2:00 pm,4,2865,2,Ewsz Chardonnay,Kalli Core,Bobby Boulger,
29318|2945|3,14906,2026-06-10,3895,676,29318,14:00:00,2:00 pm,4,2945,3,Koletta,Stephanie Frey,Stephanie Frey,
29318|2972|4,14906,2026-06-10,3895,676,29318,14:00:00,2:00 pm,4,2972,4,Cartier De Muze,Lincoln Russell,Lincoln Russell,
29321|1221|1,14906,2026-06-10,3895,676,29321,14:30:00,2:30 pm,4,1221,1,Kobalt Des Vk,Megan Wexler,Megan Wexler,
29321|2865|2,14906,2026-06-10,3895,676,29321,14:30:00,2:30 pm,4,2865,2,Ewsz Chardonnay,Kalli Core,Bobby Boulger,
29321|2945|3,14906,2026-06-10,3895,676,29321,14:30:00,2:30 pm,4,2945,3,Koletta,Stephanie Frey,Stephanie Frey,
29321|2972|4,14906,2026-06-10,3895,676,29321,14:30:00,2:30 pm,4,2972,4,Cartier De Muze,Lincoln Russell,Lincoln Russell,
29322|1582|1,14906,2026-06-10,3895,676,29322,14:45:00,2:45 pm,3,1582,1,Harmony De Muze,Jake Evans,Jake Evans,
29322|2348|2,14906,2026-06-10,3895,676,29322,14:45:00,2:45 pm,3,2348,2,Cupido De Jolie Z,Katlynn Butler,Katlynn Butler,
29322|2977|3,14906,2026-06-10,3895,676,29322,14:45:00,2:45 pm,3,2977,3,Dialey Ak,Helen Goddard,Helen Goddard,
29323|1582|1,14906,2026-06-10,3895,676,29323,14:45:00,2:45 pm,3,1582,1,Harmony De Muze,Jake Evans,Jake Evans,
29323|2348|2,14906,2026-06-10,3895,676,29323,14:45:00,2:45 pm,3,2348,2,Cupido De Jolie Z,Katlynn Butler,Katlynn Butler,
29323|2977|3,14906,2026-06-10,3895,676,29323,14:45:00,2:45 pm,3,2977,3,Dialey Ak,Helen Goddard,Helen Goddard,
29326|1582|1,14906,2026-06-10,3895,676,29326,,,3,1582,1,Harmony De Muze,Jake Evans,Jake Evans,
29326|2348|2,14906,2026-06-10,3895,676,29326,,,3,2348,2,Cupido De Jolie Z,Katlynn Butler,Katlynn Butler,
29326|2977|3,14906,2026-06-10,3895,676,29326,,,3,2977,3,Dialey Ak,Helen Goddard,Helen Goddard,
29061|1222|1,14906,2026-06-10,3907,678,29061,08:30:00,8:30 am,21,1222,1,Ladies Night,Megan Wexler,Megan Wexler,
29061|1301|2,14906,2026-06-10,3907,678,29061,08:30:00,8:30 am,21,1301,2,Quatro,Lanie Nash,Dawn Hersey,
29061|1458|3,14906,2026-06-10,3907,678,29061,08:30:00,8:30 am,21,1458,3,Sweeter Than Fiction,Addy Dewalt,Wendy J. Hechler,
29061|1493|4,14906,2026-06-10,3907,678,29061,08:30:00,8:30 am,21,1493,4,Lyon,Katherine Addington,Bibby F. Hill,
29061|1554|5,14906,2026-06-10,3907,678,29061,08:30:00,8:30 am,21,1554,5,Going Global,Jenny Miller,Jenny Miller,
29061|1698|6,14906,2026-06-10,3907,678,29061,08:30:00,8:30 am,21,1698,6,Orchard Hills Best Dressed,Ryan Haselden,Lindsay Haselden,
29061|1748|7,14906,2026-06-10,3907,678,29061,08:30:00,8:30 am,21,1748,7,Center Stage,Kirsten L. Malacarne,George J. Bessette,
29061|1918|8,14906,2026-06-10,3907,678,29061,08:30:00,8:30 am,21,1918,8,The Flying Dutchman,Bryce P. Richardson,Bryce P. Richardson,
29061|1924|9,14906,2026-06-10,3907,678,29061,08:30:00,8:30 am,21,1924,9,Argento 2,Aubrey Frank,Derek Van Der Burgh,
29061|1983|10,14906,2026-06-10,3907,678,29061,08:30:00,8:30 am,21,1983,10,Koh I Knoor,Natalie Johnson Russell,Natalie Johnson Russell,
29061|2097|11,14906,2026-06-10,3907,678,29061,08:30:00,8:30 am,21,2097,11,Cleveland 42,Isaac Leffkowitz,Isaac Leffkowitz,
29061|2099|12,14906,2026-06-10,3907,678,29061,08:30:00,8:30 am,21,2099,12,Loire,Isaac Leffkowitz,Isaac Leffkowitz,
29061|2161|13,14906,2026-06-10,3907,678,29061,08:30:00,8:30 am,21,2161,13,Astronaut H Z,Teresa Pompay,Josh Dolan,
29061|2304|14,14906,2026-06-10,3907,678,29061,08:30:00,8:30 am,21,2304,14,Camden Street,Phillipa Greenberg,Wendy J. Hechler,
29061|2610|15,14906,2026-06-10,3907,678,29061,08:30:00,8:30 am,21,2610,15,Starridor,Charlotte H. Wiese,Jasmine Walsh,
29061|2668|16,14906,2026-06-10,3907,678,29061,08:30:00,8:30 am,21,2668,16,Curtis 89,Josephine Demmo,Alan Korotkin,
29061|2725|17,14906,2026-06-10,3907,678,29061,08:30:00,8:30 am,21,2725,17,Coeur D'honneur,Jennifer Phethean,Jennifer Phethean,
29061|2937|18,14906,2026-06-10,3907,678,29061,08:30:00,8:30 am,21,2937,18,Follow Me,Marissa Creviston,Marissa Creviston,
29061|2940|19,14906,2026-06-10,3907,678,29061,08:30:00,8:30 am,21,2940,19,Obora’s Sandman,Marissa Creviston,Marissa Creviston,
29061|2974|20,14906,2026-06-10,3907,678,29061,08:30:00,8:30 am,21,2974,20,St. Nick,Kalli Core,Bobby Boulger,
29061|3034|21,14906,2026-06-10,3907,678,29061,08:30:00,8:30 am,21,3034,21,Napoleon,Robert P. Stucky,Robert P. Stucky,
29062|1222|1,14906,2026-06-10,3907,678,29062,08:30:00,8:30 am,20,1222,1,Ladies Night,Megan Wexler,Megan Wexler,
29062|1301|2,14906,2026-06-10,3907,678,29062,08:30:00,8:30 am,20,1301,2,Quatro,Lanie Nash,Dawn Hersey,
29062|1458|3,14906,2026-06-10,3907,678,29062,08:30:00,8:30 am,20,1458,3,Sweeter Than Fiction,Addy Dewalt,Wendy J. Hechler,
29062|1493|4,14906,2026-06-10,3907,678,29062,08:30:00,8:30 am,20,1493,4,Lyon,Katherine Addington,Bibby F. Hill,
29062|1554|5,14906,2026-06-10,3907,678,29062,08:30:00,8:30 am,20,1554,5,Going Global,Jenny Miller,Jenny Miller,
29062|1698|6,14906,2026-06-10,3907,678,29062,08:30:00,8:30 am,20,1698,6,Orchard Hills Best Dressed,Ryan Haselden,Lindsay Haselden,
29062|1748|7,14906,2026-06-10,3907,678,29062,08:30:00,8:30 am,20,1748,7,Center Stage,Kirsten L. Malacarne,George J. Bessette,
29062|1924|8,14906,2026-06-10,3907,678,29062,08:30:00,8:30 am,20,1924,8,Argento 2,Aubrey Frank,Derek Van Der Burgh,
29062|1983|9,14906,2026-06-10,3907,678,29062,08:30:00,8:30 am,20,1983,9,Koh I Knoor,Natalie Johnson Russell,Natalie Johnson Russell,
29062|2097|10,14906,2026-06-10,3907,678,29062,08:30:00,8:30 am,20,2097,10,Cleveland 42,Isaac Leffkowitz,Isaac Leffkowitz,
29062|2099|11,14906,2026-06-10,3907,678,29062,08:30:00,8:30 am,20,2099,11,Loire,Isaac Leffkowitz,Isaac Leffkowitz,
29062|2161|12,14906,2026-06-10,3907,678,29062,08:30:00,8:30 am,20,2161,12,Astronaut H Z,Teresa Pompay,Josh Dolan,
29062|2304|13,14906,2026-06-10,3907,678,29062,08:30:00,8:30 am,20,2304,13,Camden Street,Phillipa Greenberg,Wendy J. Hechler,
29062|2610|14,14906,2026-06-10,3907,678,29062,08:30:00,8:30 am,20,2610,14,Starridor,Charlotte H. Wiese,Jasmine Walsh,
29062|2668|15,14906,2026-06-10,3907,678,29062,08:30:00,8:30 am,20,2668,15,Curtis 89,Josephine Demmo,Alan Korotkin,
29062|2725|16,14906,2026-06-10,3907,678,29062,08:30:00,8:30 am,20,2725,16,Coeur D'honneur,Jennifer Phethean,Jennifer Phethean,
29062|2937|17,14906,2026-06-10,3907,678,29062,08:30:00,8:30 am,20,2937,17,Follow Me,Marissa Creviston,Marissa Creviston,
29062|2940|18,14906,2026-06-10,3907,678,29062,08:30:00,8:30 am,20,2940,18,Obora’s Sandman,Marissa Creviston,Marissa Creviston,
29062|2974|19,14906,2026-06-10,3907,678,29062,08:30:00,8:30 am,20,2974,19,St. Nick,Kalli Core,Bobby Boulger,
29062|3034|20,14906,2026-06-10,3907,678,29062,08:30:00,8:30 am,20,3034,20,Napoleon,Robert P. Stucky,Robert P. Stucky,
29046|1918|1,14906,2026-06-10,3907,678,29046,08:30:00,8:30 am,7,1918,1,The Flying Dutchman,Bryce P. Richardson,Bryce P. Richardson,
29046|2097|2,14906,2026-06-10,3907,678,29046,08:30:00,8:30 am,7,2097,2,Cleveland 42,Isaac Leffkowitz,Isaac Leffkowitz,
29046|2099|3,14906,2026-06-10,3907,678,29046,08:30:00,8:30 am,7,2099,3,Loire,Isaac Leffkowitz,Isaac Leffkowitz,
29046|2715|4,14906,2026-06-10,3907,678,29046,08:30:00,8:30 am,7,2715,4,Living The Dream,Aidan Murphy,Candice King,
29046|2730|5,14906,2026-06-10,3907,678,29046,08:30:00,8:30 am,7,2730,5,Striking Elsa,Phillipa Greenberg,Jennifer Phethean,
29046|2838|6,14906,2026-06-10,3907,678,29046,08:30:00,8:30 am,7,2838,6,Delisa Gp,Heather Froehlich Cortell,Heather Froehlich Cortell,
29046|2949|7,14906,2026-06-10,3907,678,29046,08:30:00,8:30 am,7,2949,7,Nadia I,Daina Greene,Andras Szieberth,
29047|1918|1,14906,2026-06-10,3907,678,29047,08:30:00,8:30 am,7,1918,1,The Flying Dutchman,Bryce P. Richardson,Bryce P. Richardson,
29047|2097|2,14906,2026-06-10,3907,678,29047,08:30:00,8:30 am,7,2097,2,Cleveland 42,Isaac Leffkowitz,Isaac Leffkowitz,
29047|2099|3,14906,2026-06-10,3907,678,29047,08:30:00,8:30 am,7,2099,3,Loire,Isaac Leffkowitz,Isaac Leffkowitz,
29047|2715|4,14906,2026-06-10,3907,678,29047,08:30:00,8:30 am,7,2715,4,Living The Dream,Aidan Murphy,Candice King,
29047|2730|5,14906,2026-06-10,3907,678,29047,08:30:00,8:30 am,7,2730,5,Striking Elsa,Phillipa Greenberg,Jennifer Phethean,
29047|2838|6,14906,2026-06-10,3907,678,29047,08:30:00,8:30 am,7,2838,6,Delisa Gp,Heather Froehlich Cortell,Heather Froehlich Cortell,
29047|2949|7,14906,2026-06-10,3907,678,29047,08:30:00,8:30 am,7,2949,7,Nadia I,Daina Greene,Andras Szieberth,
29065|1222|1,14906,2026-06-10,3907,678,29065,11:45:00,11:45 am,11,1222,1,Ladies Night,Megan Wexler,Megan Wexler,
29065|1458|2,14906,2026-06-10,3907,678,29065,11:45:00,11:45 am,11,1458,2,Sweeter Than Fiction,Addy Dewalt,Wendy J. Hechler,
29065|1493|3,14906,2026-06-10,3907,678,29065,11:45:00,11:45 am,11,1493,3,Lyon,Katherine Addington,Bibby F. Hill,
29065|1698|4,14906,2026-06-10,3907,678,29065,11:45:00,11:45 am,11,1698,4,Orchard Hills Best Dressed,Ryan Haselden,Lindsay Haselden,
29065|1924|5,14906,2026-06-10,3907,678,29065,11:45:00,11:45 am,11,1924,5,Argento 2,Aubrey Frank,Derek Van Der Burgh,
29065|1983|6,14906,2026-06-10,3907,678,29065,11:45:00,11:45 am,11,1983,6,Koh I Knoor,Natalie Johnson Russell,Natalie Johnson Russell,
29065|2304|7,14906,2026-06-10,3907,678,29065,11:45:00,11:45 am,11,2304,7,Camden Street,Phillipa Greenberg,Wendy J. Hechler,
29065|2607|8,14906,2026-06-10,3907,678,29065,11:45:00,11:45 am,11,2607,8,Santino,Jasmine Walsh,Jasmine Walsh,
29065|2725|9,14906,2026-06-10,3907,678,29065,11:45:00,11:45 am,11,2725,9,Coeur D'honneur,Jennifer Phethean,Jennifer Phethean,
29065|2974|10,14906,2026-06-10,3907,678,29065,11:45:00,11:45 am,11,2974,10,St. Nick,Kalli Core,Bobby Boulger,
29065|3034|11,14906,2026-06-10,3907,678,29065,11:45:00,11:45 am,11,3034,11,Napoleon,Robert P. Stucky,Robert P. Stucky,
29056|1027|1,14906,2026-06-10,3907,678,29056,12:15:00,12:15 pm,12,1027,1,Fort Knox,Lainey Posa,Alan Korotkin,
29056|1029|2,14906,2026-06-10,3907,678,29056,12:15:00,12:15 pm,12,1029,2,Halo,Carsyn Korotkin,Alan Korotkin,
29056|1495|3,14906,2026-06-10,3907,678,29056,12:15:00,12:15 pm,12,1495,3,Parade,Devin A. Seek,Bibby F. Hill,
29056|1498|4,14906,2026-06-10,3907,678,29056,12:15:00,12:15 pm,12,1498,4,Untitled,Katherine Addington,Bibby F. Hill,
29056|1509|5,14906,2026-06-10,3907,678,29056,12:15:00,12:15 pm,12,1509,5,Amuze Bouche,Wendy J. Hechler,Wendy J. Hechler,
29056|1554|6,14906,2026-06-10,3907,678,29056,12:15:00,12:15 pm,12,1554,6,Going Global,Lindsay Meyer,Jenny Miller,
29056|1966|7,14906,2026-06-10,3907,678,29056,12:15:00,12:15 pm,12,1966,7,Carli De Sabette,Vannakay Hurnevich,Kim E. Burnette,
29056|2183|8,14906,2026-06-10,3907,678,29056,12:15:00,12:15 pm,12,2183,8,Follow Me Home,Caitlin Maloney,Caitlin Maloney,
29056|2386|9,14906,2026-06-10,3907,678,29056,12:15:00,12:15 pm,12,2386,9,Marvick,Sierra Montgomery,Lisa Hasenbeck,
29056|2390|10,14906,2026-06-10,3907,678,29056,12:15:00,12:15 pm,12,2390,10,Poptart,Lainey Posa,Alan Korotkin,
29056|2391|11,14906,2026-06-10,3907,678,29056,12:15:00,12:15 pm,12,2391,11,Benlea Magic Dragon,Noemi Varela,Dana Ventrice,
29056|2973|12,14906,2026-06-10,3907,678,29056,12:15:00,12:15 pm,12,2973,12,Khan Of Ballmore,Mari Gromkowski,Mari Gromkowski,
29057|1027|1,14906,2026-06-10,3907,678,29057,12:15:00,12:15 pm,11,1027,1,Fort Knox,Jessica Heap,Alan Korotkin,
29057|1029|2,14906,2026-06-10,3907,678,29057,12:15:00,12:15 pm,11,1029,2,Halo,Kate Marisch,Alan Korotkin,
29057|1495|3,14906,2026-06-10,3907,678,29057,12:15:00,12:15 pm,11,1495,3,Parade,Devin A. Seek,Bibby F. Hill,
29057|1498|4,14906,2026-06-10,3907,678,29057,12:15:00,12:15 pm,11,1498,4,Untitled,Katherine Addington,Bibby F. Hill,
29057|1554|5,14906,2026-06-10,3907,678,29057,12:15:00,12:15 pm,11,1554,5,Going Global,Lindsay Meyer,Jenny Miller,
29057|1966|6,14906,2026-06-10,3907,678,29057,12:15:00,12:15 pm,11,1966,6,Carli De Sabette,Vannakay Hurnevich,Kim E. Burnette,
29057|2183|7,14906,2026-06-10,3907,678,29057,12:15:00,12:15 pm,11,2183,7,Follow Me Home,Caitlin Maloney,Caitlin Maloney,
29057|2386|8,14906,2026-06-10,3907,678,29057,12:15:00,12:15 pm,11,2386,8,Marvick,Sierra Montgomery,Lisa Hasenbeck,
29057|2390|9,14906,2026-06-10,3907,678,29057,12:15:00,12:15 pm,11,2390,9,Poptart,Jessica Heap,Alan Korotkin,
29057|2391|10,14906,2026-06-10,3907,678,29057,12:15:00,12:15 pm,11,2391,10,Benlea Magic Dragon,Noemi Varela,Dana Ventrice,
29057|2973|11,14906,2026-06-10,3907,678,29057,12:15:00,12:15 pm,11,2973,11,Khan Of Ballmore,Angela R. Calkins,Mari Gromkowski,
33485|1682|1,14906,2026-06-10,4293,737,33485,08:48:00,8:48am,1,1682,1,Allegra Van Het Eikenhof Z,Aria Collins,Jessica Collins,
29408|1424|1,14906,2026-06-10,4295,750,29408,08:00:00,8:00am,3,1424,1,Arthur,Stefano Baruzzo,Stefano Baruzzo,
29408|2543|2,14906,2026-06-10,4295,750,29408,08:00:00,8:00am,3,2543,2,Billy Snowdonia,Camille Maynard,Camille Maynard,
29408|2882|3,14906,2026-06-10,4295,750,29408,08:00:00,8:00am,3,2882,3,Crush,Scott Diffey,Scott Diffey,