ring,ring_no,ring_day_no,class_order,class_no,class_label,entry_order,entry_no,horse,rider,trainer,source,order_status
INDOOR 1,675,3889,10,29293,24) $600 Green Hunter 3'6,1,1191,Wordsmith,Victoria Free Knott,Stephanie Free,class_oog.php,NOT A POSTED ORDER
INDOOR 1,675,3889,11,29296,27) $200 Green Hunter 3'6,1,1191,Wordsmith,Victoria Free Knott,Stephanie Free,class_oog.php,NOT A POSTED ORDER
INDOOR 1,675,3889,15,29311,13) $700 High Performance Hunter 4',1,2827,Lord Carlino,Alexandra Hird,August Torsilieri,class_oog.php,NOT A POSTED ORDER
INDOOR 1,675,3889,16,29310,14) $700 High Performance Hunter 4',1,2827,Lord Carlino,Alexandra Hird,August Torsilieri,class_oog.php,NOT A POSTED ORDER
INDOOR 1,675,3889,17,29332,38) $400 Performance Hunter 3'6,1,1790,Cataumet,Lauren Schweppe,Lauren Schweppe,class_oog.php,NOT A POSTED ORDER
INDOOR 1,675,3889,19,29071,245) USHJA Hunter 3'3,1,1749,Coffee,Kirsten L. Malacarne,George J. Bessette,class_oog.php,NOT A POSTED ORDER
INDOOR 1,675,3889,19,29071,245) USHJA Hunter 3'3,2,1876,Churchill Blue,Dorothy Douglas,Tara G. Bostwick,class_oog.php,NOT A POSTED ORDER
INDOOR 1,675,3889,19,29071,245) USHJA Hunter 3'3,3,1976,Debonair,Jennifer Tate,Jennifer Tate,class_oog.php,NOT A POSTED ORDER
INDOOR 1,675,3889,19,29071,245) USHJA Hunter 3'3,4,2542,Sunkist,Timothy Maddrix,Terry L. Brown,class_oog.php,NOT A POSTED ORDER
INDOOR 1,675,3889,20,29072,246) USHJA Hunter 3'3,1,1749,Coffee,Kirsten L. Malacarne,George J. Bessette,class_oog.php,NOT A POSTED ORDER
INDOOR 1,675,3889,20,29072,246) USHJA Hunter 3'3,2,1876,Churchill Blue,Reagan Williams,Tara G. Bostwick,class_oog.php,NOT A POSTED ORDER
INDOOR 1,675,3889,20,29072,246) USHJA Hunter 3'3,3,1976,Debonair,Jennifer Tate,Jennifer Tate,class_oog.php,NOT A POSTED ORDER
INDOOR 1,675,3889,20,29072,246) USHJA Hunter 3'3,4,2542,Sunkist,Timothy Maddrix,Terry L. Brown,class_oog.php,NOT A POSTED ORDER
INDOOR 1,675,3889,21,29297,28) $350 Green Hunter 3'3,1,1576,Cadenza,Kelsey Duffy,Kelsey Duffy,class_oog.php,NOT A POSTED ORDER
INDOOR 1,675,3889,21,29297,28) $350 Green Hunter 3'3,2,2329,Mtm Rico Suave,Tracy Fenney,Michael J. Mccormick,class_oog.php,NOT A POSTED ORDER
INDOOR 1,675,3889,21,29297,28) $350 Green Hunter 3'3,3,2867,Chef Special,Tracy Fenney,Michael J. Mccormick,class_oog.php,NOT A POSTED ORDER
INDOOR 1,675,3889,22,29298,29) $350 Green Hunter 3'3,1,1576,Cadenza,Kelsey Duffy,Kelsey Duffy,class_oog.php,NOT A POSTED ORDER
INDOOR 1,675,3889,22,29298,29) $350 Green Hunter 3'3,2,2329,Mtm Rico Suave,Tracy Fenney,Michael J. Mccormick,class_oog.php,NOT A POSTED ORDER
INDOOR 1,675,3889,22,29298,29) $350 Green Hunter 3'3,3,2867,Chef Special,Tracy Fenney,Michael J. Mccormick,class_oog.php,NOT A POSTED ORDER
INDOOR 1,675,3889,23,29301,32) $150 Green Hunter 3'3,1,1576,Cadenza,Kelsey Duffy,Kelsey Duffy,class_oog.php,NOT A POSTED ORDER
INDOOR 1,675,3889,23,29301,32) $150 Green Hunter 3'3,2,2329,Mtm Rico Suave,Tracy Fenney,Michael J. Mccormick,class_oog.php,NOT A POSTED ORDER
INDOOR 1,675,3889,23,29301,32) $150 Green Hunter 3'3,3,2867,Chef Special,Tracy Fenney,Michael J. Mccormick,class_oog.php,NOT A POSTED ORDER
INDOOR 1,675,3889,24,29327,43) $350 Performance Hunter 3'3,1,1098,Royal Mark,Isaac Leffkowitz,Isaac Leffkowitz,class_oog.php,NOT A POSTED ORDER
INDOOR 1,675,3889,24,29327,43) $350 Performance Hunter 3'3,2,1428,Insightful,Lanie Nash,Dawn Hersey,class_oog.php,NOT A POSTED ORDER
INDOOR 1,675,3889,24,29327,43) $350 Performance Hunter 3'3,3,1749,Coffee,Kirsten L. Malacarne,George J. Bessette,class_oog.php,NOT A POSTED ORDER
INDOOR 1,675,3889,24,29327,43) $350 Performance Hunter 3'3,4,1976,Debonair,Jennifer Tate,Jennifer Tate,class_oog.php,NOT A POSTED ORDER
INDOOR 1,675,3889,24,29327,43) $350 Performance Hunter 3'3,5,2664,Callisto,Angela Gais,Angela Gais,class_oog.php,NOT A POSTED ORDER
INDOOR 1,675,3889,25,29328,44) $350 Performance Hunter 3'3,1,1098,Royal Mark,Isaac Leffkowitz,Isaac Leffkowitz,class_oog.php,NOT A POSTED ORDER
INDOOR 1,675,3889,25,29328,44) $350 Performance Hunter 3'3,2,1428,Insightful,Lanie Nash,Dawn Hersey,class_oog.php,NOT A POSTED ORDER
INDOOR 1,675,3889,25,29328,44) $350 Performance Hunter 3'3,3,1749,Coffee,Kirsten L. Malacarne,George J. Bessette,class_oog.php,NOT A POSTED ORDER
INDOOR 1,675,3889,25,29328,44) $350 Performance Hunter 3'3,4,1976,Debonair,Jennifer Tate,Jennifer Tate,class_oog.php,NOT A POSTED ORDER
INDOOR 1,675,3889,25,29328,44) $350 Performance Hunter 3'3,5,2664,Callisto,Angela Gais,Angela Gais,class_oog.php,NOT A POSTED ORDER
INDOOR 1,675,3889,26,29331,47) $150 Performance Hunter 3'3,1,1098,Royal Mark,Isaac Leffkowitz,Isaac Leffkowitz,class_oog.php,NOT A POSTED ORDER
INDOOR 1,675,3889,26,29331,47) $150 Performance Hunter 3'3,2,2664,Callisto,Angela Gais,Angela Gais,class_oog.php,NOT A POSTED ORDER
INDOOR 2,676,3895,1,29066,275) USHJA Hunter 3',1,2049,Top Secret Hk,Helen Goddard,Helen Goddard,class_oog.php,NOT A POSTED ORDER
INDOOR 2,676,3895,1,29066,275) USHJA Hunter 3',2,2603,Dominus Z,Charlotte H. Wiese,Jasmine Walsh,class_oog.php,NOT A POSTED ORDER
INDOOR 2,676,3895,1,29066,275) USHJA Hunter 3',3,2604,Hand Painted,Jasmine Walsh,Jasmine Walsh,class_oog.php,NOT A POSTED ORDER
INDOOR 2,676,3895,1,29066,275) USHJA Hunter 3',4,2608,Vincent Van Gough,Jasmine Walsh,Jasmine Walsh,class_oog.php,NOT A POSTED ORDER
INDOOR 2,676,3895,10,29260,274) USHJA Hunter 2'9,1,1453,Childhood Dream,Lanie Nash,Dawn Hersey,class_oog.php,NOT A POSTED ORDER
INDOOR 2,676,3895,10,29260,274) USHJA Hunter 2'9,2,2387,Winterfells Castle Black,Sierra Montgomery,Lisa Hasenbeck,class_oog.php,NOT A POSTED ORDER
INDOOR 2,676,3895,10,29260,274) USHJA Hunter 2'9,3,2522,Remix De Ganad,Alexandra Hird,August Torsilieri,class_oog.php,NOT A POSTED ORDER
INDOOR 2,676,3895,10,29260,274) USHJA Hunter 2'9,4,2729,Clearville,Emily Kowit,Heather Froehlich Cortell,class_oog.php,NOT A POSTED ORDER
INDOOR 2,676,3895,10,29260,274) USHJA Hunter 2'9,5,2820,Peyton Cm Kapade,Angelina M Palmeri,Derek Van Der Burgh,class_oog.php,NOT A POSTED ORDER
INDOOR 2,676,3895,10,29260,274) USHJA Hunter 2'9,6,1848,Mystery Man,Schuyler Dayner,Heather Dayner,class_oog.php,NOT A POSTED ORDER
INDOOR 2,676,3895,10,29260,274) USHJA Hunter 2'9,7,2941,Nightfall,Windsor Ryan,Traci A. Weston,class_oog.php,NOT A POSTED ORDER
INDOOR 2,676,3895,10,29260,274) USHJA Hunter 2'9,8,2974,St. Nick,Kalli Core,Bobby Boulger,class_oog.php,NOT A POSTED ORDER
INDOOR 2,676,3895,11,29312,48) $350 Young Hunter 2'9,1,1483,Thunder Shark,Fabian Herrera,Fabian Herrera,class_oog.php,NOT A POSTED ORDER
INDOOR 2,676,3895,11,29312,48) $350 Young Hunter 2'9,2,1562,Raja J,Morgan Cusick,Derek Van Der Burgh,class_oog.php,NOT A POSTED ORDER
INDOOR 2,676,3895,11,29312,48) $350 Young Hunter 2'9,3,2066,Red Admiral,Elizabeth C. de Golian,Elizabeth C. de Golian,class_oog.php,NOT A POSTED ORDER
INDOOR 2,676,3895,12,29313,49) $350 Young Hunter 2'9,1,1483,Thunder Shark,Fabian Herrera,Fabian Herrera,class_oog.php,NOT A POSTED ORDER
INDOOR 2,676,3895,12,29313,49) $350 Young Hunter 2'9,2,1562,Raja J,Morgan Cusick,Derek Van Der Burgh,class_oog.php,NOT A POSTED ORDER
INDOOR 2,676,3895,12,29313,49) $350 Young Hunter 2'9,3,2066,Red Admiral,Elizabeth C. de Golian,Elizabeth C. de Golian,class_oog.php,NOT A POSTED ORDER
INDOOR 2,676,3895,13,29316,52) $150 Young Hunter 2'9,1,1483,Thunder Shark,Fabian Herrera,Fabian Herrera,class_oog.php,NOT A POSTED ORDER
INDOOR 2,676,3895,13,29316,52) $150 Young Hunter 2'9,2,1562,Raja J,Morgan Cusick,Derek Van Der Burgh,class_oog.php,NOT A POSTED ORDER
INDOOR 2,676,3895,13,29316,52) $150 Young Hunter 2'9,3,2066,Red Admiral,Elizabeth C. de Golian,Elizabeth C. de Golian,class_oog.php,NOT A POSTED ORDER
INDOOR 2,676,3895,14,29317,53) $350 Young Hunter 3',1,2972,Cartier De Muze,Lincoln Russell,Lincoln Russell,class_oog.php,NOT A POSTED ORDER
INDOOR 2,676,3895,15,29318,54) $350 Young Hunter 3',1,2972,Cartier De Muze,Lincoln Russell,Lincoln Russell,class_oog.php,NOT A POSTED ORDER
INDOOR 2,676,3895,16,29321,57) $150 Young Hunter 3' U/S,1,2972,Cartier De Muze,Lincoln Russell,Lincoln Russell,class_oog.php,NOT A POSTED ORDER
INDOOR 2,676,3895,18,29323,59) $350 Young Hunter 3'3,1,2972,Cartier De Muze,Lincoln Russell,Lincoln Russell,class_oog.php,NOT A POSTED ORDER
INDOOR 2,676,3895,2,29067,276) USHJA Hunter 3',1,2049,Top Secret Hk,Helen Goddard,Helen Goddard,class_oog.php,NOT A POSTED ORDER
INDOOR 2,676,3895,2,29067,276) USHJA Hunter 3',2,2603,Dominus Z,Charlotte H. Wiese,Jasmine Walsh,class_oog.php,NOT A POSTED ORDER
INDOOR 2,676,3895,2,29067,276) USHJA Hunter 3',3,2604,Hand Painted,Jasmine Walsh,Jasmine Walsh,class_oog.php,NOT A POSTED ORDER
INDOOR 2,676,3895,2,29067,276) USHJA Hunter 3',4,2608,Vincent Van Gough,Jasmine Walsh,Jasmine Walsh,class_oog.php,NOT A POSTED ORDER
INDOOR 2,676,3895,3,29302,33) $350 Green Hunter 3'0,1,1322,Top Shelf,Camille Maynard,Camille Maynard,class_oog.php,NOT A POSTED ORDER
INDOOR 2,676,3895,3,29302,33) $350 Green Hunter 3'0,2,2393,United's Choice,Dana Ventrice,Dana Ventrice,class_oog.php,NOT A POSTED ORDER
INDOOR 2,676,3895,3,29302,33) $350 Green Hunter 3'0,3,2608,Vincent Van Gough,Jasmine Walsh,Jasmine Walsh,class_oog.php,NOT A POSTED ORDER
INDOOR 2,676,3895,3,29302,33) $350 Green Hunter 3'0,4,2868,Mtm Drop The Mic,Tracy Fenney,Michael J. Mccormick,class_oog.php,NOT A POSTED ORDER
INDOOR 2,676,3895,4,29303,34) $350 Green Hunter 3'0,1,1322,Top Shelf,Camille Maynard,Camille Maynard,class_oog.php,NOT A POSTED ORDER
INDOOR 2,676,3895,4,29303,34) $350 Green Hunter 3'0,2,2393,United's Choice,Dana Ventrice,Dana Ventrice,class_oog.php,NOT A POSTED ORDER
INDOOR 2,676,3895,4,29303,34) $350 Green Hunter 3'0,3,2608,Vincent Van Gough,Jasmine Walsh,Jasmine Walsh,class_oog.php,NOT A POSTED ORDER
INDOOR 2,676,3895,4,29303,34) $350 Green Hunter 3'0,4,2868,Mtm Drop The Mic,Tracy Fenney,Michael J. Mccormick,class_oog.php,NOT A POSTED ORDER
INDOOR 2,676,3895,5,29306,37) $150 Green Hunter 3'0,1,1322,Top Shelf,Camille Maynard,Camille Maynard,class_oog.php,NOT A POSTED ORDER
INDOOR 2,676,3895,5,29306,37) $150 Green Hunter 3'0,2,2393,United's Choice,Dana Ventrice,Dana Ventrice,class_oog.php,NOT A POSTED ORDER
INDOOR 2,676,3895,5,29306,37) $150 Green Hunter 3'0,3,2608,Vincent Van Gough,Jasmine Walsh,Jasmine Walsh,class_oog.php,NOT A POSTED ORDER
INDOOR 2,676,3895,5,29306,37) $150 Green Hunter 3'0,4,2868,Mtm Drop The Mic,Tracy Fenney,Michael J. Mccormick,class_oog.php,NOT A POSTED ORDER
INDOOR 2,676,3895,8,29264,270) USHJA Hunter 2'9,1,1453,Childhood Dream,Lanie Nash,Dawn Hersey,class_oog.php,NOT A POSTED ORDER
INDOOR 2,676,3895,8,29264,270) USHJA Hunter 2'9,2,1748,Center Stage,Kirsten L. Malacarne,George J. Bessette,class_oog.php,NOT A POSTED ORDER
INDOOR 2,676,3895,8,29264,270) USHJA Hunter 2'9,3,1975,Carsten S,Jennifer Tate,Jennifer Tate,class_oog.php,NOT A POSTED ORDER
INDOOR 2,676,3895,8,29264,270) USHJA Hunter 2'9,4,2387,Winterfells Castle Black,Sierra Montgomery,Lisa Hasenbeck,class_oog.php,NOT A POSTED ORDER
INDOOR 2,676,3895,8,29264,270) USHJA Hunter 2'9,5,2522,Remix De Ganad,Alexandra Hird,August Torsilieri,class_oog.php,NOT A POSTED ORDER
INDOOR 2,676,3895,8,29264,270) USHJA Hunter 2'9,6,2729,Clearville,Emily Kowit,Heather Froehlich Cortell,class_oog.php,NOT A POSTED ORDER
INDOOR 2,676,3895,8,29264,270) USHJA Hunter 2'9,7,2820,Peyton Cm Kapade,Angelina M Palmeri,Derek Van Der Burgh,class_oog.php,NOT A POSTED ORDER
INDOOR 2,676,3895,8,29264,270) USHJA Hunter 2'9,8,1848,Mystery Man,Schuyler Dayner,Heather Dayner,class_oog.php,NOT A POSTED ORDER
INDOOR 2,676,3895,8,29264,270) USHJA Hunter 2'9,9,2066,Red Admiral,Elizabeth C. de Golian,Elizabeth C. de Golian,class_oog.php,NOT A POSTED ORDER
INDOOR 2,676,3895,8,29264,270) USHJA Hunter 2'9,10,2974,St. Nick,Kalli Core,Bobby Boulger,class_oog.php,NOT A POSTED ORDER
INDOOR 2,676,3895,9,29263,271) USHJA Hunter 2'9,1,1453,Childhood Dream,Lanie Nash,Dawn Hersey,class_oog.php,NOT A POSTED ORDER
INDOOR 2,676,3895,9,29263,271) USHJA Hunter 2'9,2,1748,Center Stage,Kirsten L. Malacarne,George J. Bessette,class_oog.php,NOT A POSTED ORDER
INDOOR 2,676,3895,9,29263,271) USHJA Hunter 2'9,3,1975,Carsten S,Jennifer Tate,Jennifer Tate,class_oog.php,NOT A POSTED ORDER
INDOOR 2,676,3895,9,29263,271) USHJA Hunter 2'9,4,2387,Winterfells Castle Black,Sierra Montgomery,Lisa Hasenbeck,class_oog.php,NOT A POSTED ORDER
INDOOR 2,676,3895,9,29263,271) USHJA Hunter 2'9,5,2522,Remix De Ganad,Alexandra Hird,August Torsilieri,class_oog.php,NOT A POSTED ORDER
INDOOR 2,676,3895,9,29263,271) USHJA Hunter 2'9,6,2729,Clearville,Emily Kowit,Heather Froehlich Cortell,class_oog.php,NOT A POSTED ORDER
INDOOR 2,676,3895,9,29263,271) USHJA Hunter 2'9,7,2820,Peyton Cm Kapade,Angelina M Palmeri,Derek Van Der Burgh,class_oog.php,NOT A POSTED ORDER
INDOOR 2,676,3895,9,29263,271) USHJA Hunter 2'9,8,1848,Mystery Man,Schuyler Dayner,Heather Dayner,class_oog.php,NOT A POSTED ORDER
INDOOR 2,676,3895,9,29263,271) USHJA Hunter 2'9,9,2974,St. Nick,Kalli Core,Bobby Boulger,class_oog.php,NOT A POSTED ORDER
INDOOR 4,678,3907,1,29061,265) USHJA Hunter 2'6,1,1048,Specialist,Kate Marisch,Alan Korotkin,class_oog.php,NOT A POSTED ORDER
INDOOR 4,678,3907,1,29061,265) USHJA Hunter 2'6,2,1049,Vote For Pedro,Aria Waxman,Alan Korotkin,class_oog.php,NOT A POSTED ORDER
INDOOR 4,678,3907,1,29061,265) USHJA Hunter 2'6,3,1202,Quizmaster,Kacey Conway,Kacey Conway,class_oog.php,NOT A POSTED ORDER
INDOOR 4,678,3907,1,29061,265) USHJA Hunter 2'6,4,1301,Quatro,Lanie Nash,Dawn Hersey,class_oog.php,NOT A POSTED ORDER
INDOOR 4,678,3907,1,29061,265) USHJA Hunter 2'6,5,1458,Sweeter Than Fiction,Addy Dewalt,Wendy J. Hechler,class_oog.php,NOT A POSTED ORDER
INDOOR 4,678,3907,1,29061,265) USHJA Hunter 2'6,6,1983,Koh I Knoor,Natalie Johnson Russell,Natalie Johnson Russell,class_oog.php,NOT A POSTED ORDER
INDOOR 4,678,3907,1,29061,265) USHJA Hunter 2'6,7,2610,Starridor,Charlotte H. Wiese,Jasmine Walsh,class_oog.php,NOT A POSTED ORDER
INDOOR 4,678,3907,1,29061,265) USHJA Hunter 2'6,8,2668,Curtis 89,Josephine Demmo,Alan Korotkin,class_oog.php,NOT A POSTED ORDER
INDOOR 4,678,3907,1,29061,265) USHJA Hunter 2'6,9,2035,Simply Bliss,Elizabeth C. de Golian,Elizabeth C. de Golian,class_oog.php,NOT A POSTED ORDER
INDOOR 4,678,3907,1,29061,265) USHJA Hunter 2'6,10,2937,Follow Me,Marissa Creviston,Marissa Creviston,class_oog.php,NOT A POSTED ORDER
INDOOR 4,678,3907,1,29061,265) USHJA Hunter 2'6,11,2940,Obora's Sandman,Marissa Creviston,Marissa Creviston,class_oog.php,NOT A POSTED ORDER
INDOOR 4,678,3907,2,29062,266) USHJA Hunter 2'6,1,1048,Specialist,Kate Marisch,Alan Korotkin,class_oog.php,NOT A POSTED ORDER
INDOOR 4,678,3907,2,29062,266) USHJA Hunter 2'6,2,1049,Vote For Pedro,Aria Waxman,Alan Korotkin,class_oog.php,NOT A POSTED ORDER
INDOOR 4,678,3907,2,29062,266) USHJA Hunter 2'6,3,1202,Quizmaster,Kacey Conway,Kacey Conway,class_oog.php,NOT A POSTED ORDER
INDOOR 4,678,3907,2,29062,266) USHJA Hunter 2'6,4,1301,Quatro,Lanie Nash,Dawn Hersey,class_oog.php,NOT A POSTED ORDER
INDOOR 4,678,3907,2,29062,266) USHJA Hunter 2'6,5,1458,Sweeter Than Fiction,Addy Dewalt,Wendy J. Hechler,class_oog.php,NOT A POSTED ORDER
INDOOR 4,678,3907,2,29062,266) USHJA Hunter 2'6,6,1983,Koh I Knoor,Natalie Johnson Russell,Natalie Johnson Russell,class_oog.php,NOT A POSTED ORDER
INDOOR 4,678,3907,2,29062,266) USHJA Hunter 2'6,7,2610,Starridor,Charlotte H. Wiese,Jasmine Walsh,class_oog.php,NOT A POSTED ORDER
INDOOR 4,678,3907,2,29062,266) USHJA Hunter 2'6,8,2668,Curtis 89,Josephine Demmo,Alan Korotkin,class_oog.php,NOT A POSTED ORDER
INDOOR 4,678,3907,2,29062,266) USHJA Hunter 2'6,9,2937,Follow Me,Marissa Creviston,Marissa Creviston,class_oog.php,NOT A POSTED ORDER
INDOOR 4,678,3907,2,29062,266) USHJA Hunter 2'6,10,2940,Obora's Sandman,Marissa Creviston,Marissa Creviston,class_oog.php,NOT A POSTED ORDER
INDOOR 4,678,3907,3,29046,280) Baby Green Hunter 2'6,1,2035,Simply Bliss,Elizabeth C. de Golian,Elizabeth C. de Golian,class_oog.php,NOT A POSTED ORDER
INDOOR 4,678,3907,3,29046,280) Baby Green Hunter 2'6,2,2949,Nadia I,Daina Greene,Andras Szieberth,class_oog.php,NOT A POSTED ORDER
INDOOR 4,678,3907,4,29047,281) Baby Green Hunter 2'6',1,2035,Simply Bliss,Elizabeth C. de Golian,Elizabeth C. de Golian,class_oog.php,NOT A POSTED ORDER
INDOOR 4,678,3907,4,29047,281) Baby Green Hunter 2'6',2,2949,Nadia I,Daina Greene,Andras Szieberth,class_oog.php,NOT A POSTED ORDER
INDOOR 4,678,3907,5,29065,269) USHJA Hunter 2'6,1,1202,Quizmaster,Kacey Conway,Kacey Conway,class_oog.php,NOT A POSTED ORDER
INDOOR 4,678,3907,5,29065,269) USHJA Hunter 2'6,2,1458,Sweeter Than Fiction,Addy Dewalt,Wendy J. Hechler,class_oog.php,NOT A POSTED ORDER
INDOOR 4,678,3907,5,29065,269) USHJA Hunter 2'6,3,1983,Koh I Knoor,Natalie Johnson Russell,Natalie Johnson Russell,class_oog.php,NOT A POSTED ORDER
INDOOR 4,678,3907,6,29056,260) USHJA Hunter 2'3,1,1509,Amuze Bouche,Wendy J. Hechler,Wendy J. Hechler,class_oog.php,NOT A POSTED ORDER
INDOOR 4,678,3907,6,29056,260) USHJA Hunter 2'3,2,1978,Secret Affair,Cindy Secret,Stephanie Free,class_oog.php,NOT A POSTED ORDER
INDOOR 4,678,3907,6,29056,260) USHJA Hunter 2'3,3,2183,Follow Me Home,Caitlin Maloney,Caitlin Maloney,class_oog.php,NOT A POSTED ORDER
INDOOR 4,678,3907,6,29056,260) USHJA Hunter 2'3,4,2386,Marvick,Sierra Montgomery,Lisa Hasenbeck,class_oog.php,NOT A POSTED ORDER
INDOOR 4,678,3907,6,29056,260) USHJA Hunter 2'3,5,2838,Delisa Gp,Elaina Davis,Heather Froehlich Cortell,class_oog.php,NOT A POSTED ORDER
INDOOR 4,678,3907,6,29056,260) USHJA Hunter 2'3,6,2973,Khan Of Ballmore,Mari Gromkowski,Mari Gromkowski,class_oog.php,NOT A POSTED ORDER
INDOOR 4,678,3907,7,29057,261) USHJA Hunter 2'3,1,1978,Secret Affair,Cindy Secret,Stephanie Free,class_oog.php,NOT A POSTED ORDER
INDOOR 4,678,3907,7,29057,261) USHJA Hunter 2'3,2,2183,Follow Me Home,Caitlin Maloney,Caitlin Maloney,class_oog.php,NOT A POSTED ORDER
INDOOR 4,678,3907,7,29057,261) USHJA Hunter 2'3,3,2386,Marvick,Sierra Montgomery,Lisa Hasenbeck,class_oog.php,NOT A POSTED ORDER
INDOOR 4,678,3907,7,29057,261) USHJA Hunter 2'3,4,2973,Khan Of Ballmore,Angela R. Calkins,Mari Gromkowski,class_oog.php,NOT A POSTED ORDER
INDOOR 5,683,4182,1,29394,624) .95m Jumper II.1,1,1293,Getthe Muny Bernie,Carrie Riddle,Lindsay Barrack,class_oog.php,NOT A POSTED ORDER
INDOOR 5,683,4182,1,29394,624) .95m Jumper II.1,2,1297,La La Land,Christina Faninger,Alan Korotkin,class_oog.php,NOT A POSTED ORDER
INDOOR 5,683,4182,1,29394,624) .95m Jumper II.1,3,1437,Balencia,Stella Gavin,Matthew Le Master,class_oog.php,NOT A POSTED ORDER
INDOOR 5,683,4182,1,29394,624) .95m Jumper II.1,4,1591,Irish Coffee Vhl,Iliana Palumbo,Alan Korotkin,class_oog.php,NOT A POSTED ORDER
INDOOR 5,683,4182,1,29394,624) .95m Jumper II.1,5,1771,Bona Fide,Brooke Eddy,Brooke Eddy,class_oog.php,NOT A POSTED ORDER
INDOOR 5,683,4182,1,29394,624) .95m Jumper II.1,6,1883,Untouchable's Unique,Dominic Arnold,Alyssa Venn,class_oog.php,NOT A POSTED ORDER
INDOOR 5,683,4182,1,29394,624) .95m Jumper II.1,7,2166,Fellini,Kennedy Kluber,Terrie E. Shibley,class_oog.php,NOT A POSTED ORDER
INDOOR 5,683,4182,1,29394,624) .95m Jumper II.1,8,2970,Fe Crack The Code,Amanda Gardiner,No Trainer,class_oog.php,NOT A POSTED ORDER
INDOOR 5,683,4182,2,29159,627) 1.00m Jumper II.1,1,1102,Talk About Me,Violetta Bergonzoli,Morgan Taylor,class_oog.php,NOT A POSTED ORDER
INDOOR 5,683,4182,2,29159,627) 1.00m Jumper II.1,2,1201,Contika 46,Kacey Conway,Kacey Conway,class_oog.php,NOT A POSTED ORDER
INDOOR 5,683,4182,2,29159,627) 1.00m Jumper II.1,3,1326,The Getaway Car,Lanie Nash,Dawn Hersey,class_oog.php,NOT A POSTED ORDER
INDOOR 5,683,4182,2,29159,627) 1.00m Jumper II.1,4,1439,Il Dolce,Lauren Flesher,Matthew Le Master,class_oog.php,NOT A POSTED ORDER
INDOOR 5,683,4182,2,29159,627) 1.00m Jumper II.1,5,1454,Mr Dw,Lanie Nash,Dawn Hersey,class_oog.php,NOT A POSTED ORDER
INDOOR 5,683,4182,2,29159,627) 1.00m Jumper II.1,6,1769,Nevada Vdl,Robert Mendoza,Robert Mendoza,class_oog.php,NOT A POSTED ORDER
INDOOR 5,683,4182,2,29159,627) 1.00m Jumper II.1,7,2154,Enzo Ferrari,Andres A. Correa,Andres A. Correa,class_oog.php,NOT A POSTED ORDER
INDOOR 5,683,4182,2,29159,627) 1.00m Jumper II.1,8,2521,Excel Star Fair Play,Alexandra Hird,August Torsilieri,class_oog.php,NOT A POSTED ORDER
INDOOR 5,683,4182,2,29159,627) 1.00m Jumper II.1,9,2667,Calypso,Josephine Demmo,Alan Korotkin,class_oog.php,NOT A POSTED ORDER
INDOOR 5,683,4182,2,29159,627) 1.00m Jumper II.1,10,2728,Wingardium Leviosa KS,Dominic Arnold,Alyssa Venn,class_oog.php,NOT A POSTED ORDER
INDOOR 5,683,4182,2,29159,627) 1.00m Jumper II.1,11,2840,Gabriella T,Mary Collier Pope,Andras Szieberth,class_oog.php,NOT A POSTED ORDER
INDOOR 5,683,4182,2,29159,627) 1.00m Jumper II.1,12,1932,Florian,Windsor Ryan,Traci A. Weston,class_oog.php,NOT A POSTED ORDER
INDOOR 5,683,4182,2,29159,627) 1.00m Jumper II.1,13,2970,Fe Crack The Code,Amanda Gardiner,No Trainer,class_oog.php,NOT A POSTED ORDER
INDOOR 5,683,4182,2,29159,627) 1.00m Jumper II.1,14,2984,Vdl Escape Z,Savannah Groselle,Savannah Groselle,class_oog.php,NOT A POSTED ORDER
INDOOR 5,683,4182,3,29125,695) $100 1.0m Thoroughbred Jumper II.1,1,1293,Getthe Muny Bernie,Carrie Riddle,Lindsay Barrack,class_oog.php,NOT A POSTED ORDER
INDOOR 5,683,4182,3,29125,695) $100 1.0m Thoroughbred Jumper II.1,2,1648,Cerveza De Barril,Riley Hilliard,Kyle Dewar,class_oog.php,NOT A POSTED ORDER
INDOOR 5,683,4182,4,29161,630) 1.10m Jumper II.1,1,1326,The Getaway Car,Lanie Nash,Dawn Hersey,class_oog.php,NOT A POSTED ORDER
INDOOR 5,683,4182,4,29161,630) 1.10m Jumper II.1,2,1442,Rr Monster,Mckenzie Badley,Matthew Le Master,class_oog.php,NOT A POSTED ORDER
INDOOR 5,683,4182,4,29161,630) 1.10m Jumper II.1,3,1485,Roncevert,Lanie Nash,Dawn Hersey,class_oog.php,NOT A POSTED ORDER
INDOOR 5,683,4182,4,29161,630) 1.10m Jumper II.1,4,1706,Airway Semilly,Ella Walker,Anne L. Bingler,class_oog.php,NOT A POSTED ORDER
INDOOR 5,683,4182,4,29161,630) 1.10m Jumper II.1,5,1744,Diatoon Blue Ps,Madison Rose,Madison Rose,class_oog.php,NOT A POSTED ORDER
INDOOR 5,683,4182,4,29161,630) 1.10m Jumper II.1,6,1794,Chico Bella Z,Lily Niebur,Louise Pejstrup,class_oog.php,NOT A POSTED ORDER
INDOOR 5,683,4182,4,29161,630) 1.10m Jumper II.1,7,2521,Excel Star Fair Play,Alexandra Hird,August Torsilieri,class_oog.php,NOT A POSTED ORDER
INDOOR 5,683,4182,4,29161,630) 1.10m Jumper II.1,8,2572,Geisha D’agenais,Brooklyn Delgado,Laura Gaither,class_oog.php,NOT A POSTED ORDER
INDOOR 5,683,4182,4,29161,630) 1.10m Jumper II.1,9,2946,Calderon T,Andras Szieberth,Andras Szieberth,class_oog.php,NOT A POSTED ORDER
INDOOR 5,683,4182,4,29161,630) 1.10m Jumper II.1,10,2985,Vdl Masque-Unea,Savannah Groselle,Savannah Groselle,class_oog.php,NOT A POSTED ORDER
INDOOR 5,683,4182,5,29451,683) 1.0m Young Jumpers II,1,1441,Princeton Mk,Matthew Le Master,Matthew Le Master,class_oog.php,NOT A POSTED ORDER
INDOOR 5,683,4182,5,29451,683) 1.0m Young Jumpers II,2,1737,Vienna Van't Kiezelhof Lhf,Marcus Gruenthal,Marcus Gruenthal,class_oog.php,NOT A POSTED ORDER
INDOOR 5,683,4182,6,29433,680) .90m Young Jumpers II,1,1435,Hellcat,Megan O'Brien,Megan O'Brien,class_oog.php,NOT A POSTED ORDER
INDOOR 5,683,4182,6,29433,680) .90m Young Jumpers II,2,2949,Nadia I,Andras Szieberth,Andras Szieberth,class_oog.php,NOT A POSTED ORDER
INDOOR 6,684,4174,1,29164,633) 1.15m Jumper II.1,1,1042,Maiki,Tanner Korotkin,Alan Korotkin,class_oog.php,NOT A POSTED ORDER
INDOOR 6,684,4174,1,29164,633) 1.15m Jumper II.1,2,1045,Qastaar Van't Heike,Tanner Korotkin,Alan Korotkin,class_oog.php,NOT A POSTED ORDER
INDOOR 6,684,4174,1,29164,633) 1.15m Jumper II.1,3,1767,Gotham De Chalusse,Robert Mendoza,Robert Mendoza,class_oog.php,NOT A POSTED ORDER
INDOOR 6,684,4174,1,29164,633) 1.15m Jumper II.1,4,1877,Daham,Jelmer Hoekstra,Tara G. Bostwick,class_oog.php,NOT A POSTED ORDER
INDOOR 6,684,4174,1,29164,633) 1.15m Jumper II.1,5,1878,Futur Du Pomiez,Jelmer Hoekstra,Tara G. Bostwick,class_oog.php,NOT A POSTED ORDER
INDOOR 6,684,4174,1,29164,633) 1.15m Jumper II.1,6,2037,Fernhill Touch Of Grandeur,Kendall Stephens,Maya Denis,class_oog.php,NOT A POSTED ORDER
INDOOR 6,684,4174,1,29164,633) 1.15m Jumper II.1,7,2172,Castell 21,Amanda Gardiner,Megan Gardiner,class_oog.php,NOT A POSTED ORDER
INDOOR 6,684,4174,1,29164,633) 1.15m Jumper II.1,8,2173,Danilo Khr,Megan Gardiner,Megan Gardiner,class_oog.php,NOT A POSTED ORDER
INDOOR 6,684,4174,1,29164,633) 1.15m Jumper II.1,9,2573,Ballyforan,Patrick R. Wilcher,Patrick R. Wilcher,class_oog.php,NOT A POSTED ORDER
INDOOR 6,684,4174,1,29164,633) 1.15m Jumper II.1,10,2733,Balisto,Maya Denis,Joachim Englert,class_oog.php,NOT A POSTED ORDER
INDOOR 6,684,4174,1,29164,633) 1.15m Jumper II.1,11,2003,Ancelotti,Ashley Romano,Ashley Romano,class_oog.php,NOT A POSTED ORDER
INDOOR 6,684,4174,1,29164,633) 1.15m Jumper II.1,12,2832,Lindy Hop,Clark Montgomery,Clark Montgomery,class_oog.php,NOT A POSTED ORDER
INDOOR 6,684,4174,2,29128,636) $500 1.20m Jumper II.1,1,1035,Ideal,Tanner Korotkin,Alan Korotkin,class_oog.php,NOT A POSTED ORDER
INDOOR 6,684,4174,2,29128,636) $500 1.20m Jumper II.1,2,1039,King Z,Tanner Korotkin,Alan Korotkin,class_oog.php,NOT A POSTED ORDER
INDOOR 6,684,4174,2,29128,636) $500 1.20m Jumper II.1,3,1440,Maeberry,Matthew Le Master,Matthew Le Master,class_oog.php,NOT A POSTED ORDER
INDOOR 6,684,4174,2,29128,636) $500 1.20m Jumper II.1,4,1766,Diatendra,Robert Mendoza,Robert Mendoza,class_oog.php,NOT A POSTED ORDER
INDOOR 6,684,4174,2,29128,636) $500 1.20m Jumper II.1,5,1910,Mtm Cascadela,Evana Somareddy,Heather Dayner,class_oog.php,NOT A POSTED ORDER
INDOOR 6,684,4174,2,29128,636) $500 1.20m Jumper II.1,6,2029,Cobalto,Anne L. Bingler,Anne L. Bingler,class_oog.php,NOT A POSTED ORDER
INDOOR 6,684,4174,2,29128,636) $500 1.20m Jumper II.1,7,2152,Bluebelle,Andrea Correa,Andres A. Correa,class_oog.php,NOT A POSTED ORDER
INDOOR 6,684,4174,2,29128,636) $500 1.20m Jumper II.1,8,2402,Diabalou Ps,Lukene Arenas,Lukene Arenas,class_oog.php,NOT A POSTED ORDER
INDOOR 6,684,4174,2,29128,636) $500 1.20m Jumper II.1,9,2546,In The Wind Wow,Laura Gaither,Laura Gaither,class_oog.php,NOT A POSTED ORDER
INDOOR 6,684,4174,2,29128,636) $500 1.20m Jumper II.1,10,2630,Vamos,Ashlynn Meuchel,Ashlynn Meuchel,class_oog.php,NOT A POSTED ORDER
INDOOR 6,684,4174,2,29128,636) $500 1.20m Jumper II.1,11,2631,Zhardas Kil,Ashlynn Meuchel,Ashlynn Meuchel,class_oog.php,NOT A POSTED ORDER
INDOOR 6,684,4174,2,29128,636) $500 1.20m Jumper II.1,12,2722,de Lisle Apollo,Mia Smith,David Cameron,class_oog.php,NOT A POSTED ORDER
INDOOR 6,684,4174,2,29128,636) $500 1.20m Jumper II.1,13,2873,Comme II Reality,Elizabeth Solomon,Elizabeth Solomon,class_oog.php,NOT A POSTED ORDER
INDOOR 6,684,4174,2,29128,636) $500 1.20m Jumper II.1,14,2196,Kan So,Diego Farje,Sharn L. Wordley,class_oog.php,NOT A POSTED ORDER
INDOOR 6,684,4174,2,29128,636) $500 1.20m Jumper II.1,15,2982,Cylano,Savannah Groselle,Savannah Groselle,class_oog.php,NOT A POSTED ORDER
INDOOR 6,684,4174,3,29131,642) $1000 1.30m Jumper II.1,1,1455,Phoenix Air,Lanie Nash,Dawn Hersey,class_oog.php,NOT A POSTED ORDER
INDOOR 6,684,4174,3,29131,642) $1000 1.30m Jumper II.1,2,1709,Headleys Kinetic,Anne L. Bingler,Anne L. Bingler,class_oog.php,NOT A POSTED ORDER
INDOOR 6,684,4174,3,29131,642) $1000 1.30m Jumper II.1,3,1768,Mistigrise Du Seigneur,Robert Mendoza,Robert Mendoza,class_oog.php,NOT A POSTED ORDER
INDOOR 6,684,4174,3,29131,642) $1000 1.30m Jumper II.1,4,1910,Mtm Cascadela,Evana Somareddy,Heather Dayner,class_oog.php,NOT A POSTED ORDER
INDOOR 6,684,4174,3,29131,642) $1000 1.30m Jumper II.1,5,2181,Chaning Tatum,Robert Mendoza,Samantha Mccleerey,class_oog.php,NOT A POSTED ORDER
INDOOR 6,684,4174,3,29131,642) $1000 1.30m Jumper II.1,6,2569,Night Light,Hanna R. Egan,Hanna R. Egan,class_oog.php,NOT A POSTED ORDER
INDOOR 6,684,4174,3,29131,642) $1000 1.30m Jumper II.1,7,2876,Ewsz Omega,Gonzalo Guevara,Gonzalo Guevara,class_oog.php,NOT A POSTED ORDER
INDOOR 6,684,4174,4,29169,689) $250 1.20m Young Jumper II.1,1,1296,Calou Us,Tanner Korotkin,Alan Korotkin,class_oog.php,NOT A POSTED ORDER
INDOOR 6,684,4174,4,29169,689) $250 1.20m Young Jumper II.1,2,1735,Cachaca Pitu Lhf,Marcus Gruenthal,Marcus Gruenthal,class_oog.php,NOT A POSTED ORDER
INDOOR 6,684,4174,4,29169,689) $250 1.20m Young Jumper II.1,3,1745,Oa Uno Mas Cerveza,Madison Rose,Madison Rose,class_oog.php,NOT A POSTED ORDER
INDOOR 6,684,4174,4,29169,689) $250 1.20m Young Jumper II.1,4,1786,Lyonheart,Robert Mendoza,Hanna Pieri,class_oog.php,NOT A POSTED ORDER
INDOOR 6,684,4174,4,29169,689) $250 1.20m Young Jumper II.1,5,1787,Tarantino De Rie,Robert Mendoza,Hanna Pieri,class_oog.php,NOT A POSTED ORDER
INDOOR 6,684,4174,4,29169,689) $250 1.20m Young Jumper II.1,6,1902,Born To Be Wild,Jamie Alnwick,Scott Keach,class_oog.php,NOT A POSTED ORDER
INDOOR 6,684,4174,4,29169,689) $250 1.20m Young Jumper II.1,7,2036,Diablue Sh Z,Jared P. Petersen,Jared P. Petersen,class_oog.php,NOT A POSTED ORDER
INDOOR 6,684,4174,4,29169,689) $250 1.20m Young Jumper II.1,8,2573,Ballyforan,Patrick R. Wilcher,Patrick R. Wilcher,class_oog.php,NOT A POSTED ORDER
INDOOR 6,684,4174,4,29169,689) $250 1.20m Young Jumper II.1,9,2960,Dracko Van Het Vinckenhof Z,Vicente Guillen,Vicente Guillen,class_oog.php,NOT A POSTED ORDER
INDOOR 6,684,4174,4,29169,689) $250 1.20m Young Jumper II.1,10,2069,Bizzy Sh,Jordan Petersen,Jared P. Petersen,class_oog.php,NOT A POSTED ORDER
INDOOR 6,684,4174,4,29169,689) $250 1.20m Young Jumper II.1,11,2360,Cassaderra Na,Taryn M. Adamy,Taryn M. Adamy,class_oog.php,NOT A POSTED ORDER
INDOOR 6,684,4174,5,29166,686) 1.10m Young Jumper II,1,1021,Rover,Kelly Prather,Michael K. Kennedy,class_oog.php,NOT A POSTED ORDER
INDOOR 6,684,4174,5,29166,686) 1.10m Young Jumper II,2,1707,Ally Z,Anne L. Bingler,Anne L. Bingler,class_oog.php,NOT A POSTED ORDER
INDOOR 6,684,4174,5,29166,686) 1.10m Young Jumper II,3,1757,Frodo,River A. Wylde,River A. Wylde,class_oog.php,NOT A POSTED ORDER
INDOOR 6,684,4174,5,29166,686) 1.10m Young Jumper II,4,1793,Comme Il Hero Z,Matthew Le Master,Matthew Le Master,class_oog.php,NOT A POSTED ORDER
INDOOR 6,684,4174,5,29166,686) 1.10m Young Jumper II,5,2153,Dulce,Andres A. Correa,Andres A. Correa,class_oog.php,NOT A POSTED ORDER
INDOOR 6,684,4174,5,29166,686) 1.10m Young Jumper II,6,2162,Paulownia,Josh Dolan,Josh Dolan,class_oog.php,NOT A POSTED ORDER
INDOOR 6,684,4174,5,29166,686) 1.10m Young Jumper II,7,2341,Diamant's Invincible Na,Jared P. Petersen,Derek Petersen,class_oog.php,NOT A POSTED ORDER
INDOOR 6,684,4174,5,29166,686) 1.10m Young Jumper II,8,2946,Calderon T,Andras Szieberth,Andras Szieberth,class_oog.php,NOT A POSTED ORDER
INDOOR 6,684,4174,5,29166,686) 1.10m Young Jumper II,9,2963,Diadora,Jordan Petersen,Jared P. Petersen,class_oog.php,NOT A POSTED ORDER
WEC GRAND ARENA,670,3860,1,29237,"2201) $4,000 4CYTE 1.35m CSI2* Two Phase 222.1.4.3",1,107,Conthalando Ps,Manuel G. Torres,Manuel G. Torres,class_oog.php,NOT A POSTED ORDER
WEC GRAND ARENA,670,3860,1,29237,"2201) $4,000 4CYTE 1.35m CSI2* Two Phase 222.1.4.3",2,118,Comme Ci Comme Ca,Ashlee Bond,Ashlee Bond,class_oog.php,NOT A POSTED ORDER
WEC GRAND ARENA,670,3860,1,29237,"2201) $4,000 4CYTE 1.35m CSI2* Two Phase 222.1.4.3",3,132,Hop Mouche,Laura Gaither,Laura Gaither,class_oog.php,NOT A POSTED ORDER
WEC GRAND ARENA,670,3860,1,29237,"2201) $4,000 4CYTE 1.35m CSI2* Two Phase 222.1.4.3",4,133,My Diamant,Laura Gaither,Laura Gaither,class_oog.php,NOT A POSTED ORDER
WEC GRAND ARENA,670,3860,1,29237,"2201) $4,000 4CYTE 1.35m CSI2* Two Phase 222.1.4.3",5,138,Cardozo 4,Tanner Korotkin,Alan Korotkin,class_oog.php,NOT A POSTED ORDER
WEC GRAND ARENA,670,3860,1,29237,"2201) $4,000 4CYTE 1.35m CSI2* Two Phase 222.1.4.3",6,147,Effixe Du Melnire,Juan E. Hidalgo,Juan E. Hidalgo,class_oog.php,NOT A POSTED ORDER
WEC GRAND ARENA,670,3860,1,29237,"2201) $4,000 4CYTE 1.35m CSI2* Two Phase 222.1.4.3",7,153,Champion League,Sharn L. Wordley,Sharn L. Wordley,class_oog.php,NOT A POSTED ORDER
WEC GRAND ARENA,670,3860,1,29237,"2201) $4,000 4CYTE 1.35m CSI2* Two Phase 222.1.4.3",8,154,Hagelin,Sharn L. Wordley,Sharn L. Wordley,class_oog.php,NOT A POSTED ORDER
WEC GRAND ARENA,670,3860,1,29237,"2201) $4,000 4CYTE 1.35m CSI2* Two Phase 222.1.4.3",9,157,Verdini D'houtveld Z,Lauren Balcomb,Sharn L. Wordley,class_oog.php,NOT A POSTED ORDER
WEC GRAND ARENA,670,3860,1,29237,"2201) $4,000 4CYTE 1.35m CSI2* Two Phase 222.1.4.3",10,158,Icare Chavannais,Priscilla Broger,Priscilla Broger,class_oog.php,NOT A POSTED ORDER
WEC GRAND ARENA,670,3860,2,28941,"2202) $32,000 4CYTE 1.45m CSI2* Speed 220.2.1.1",1,107,Conthalando Ps,Manuel G. Torres,Manuel G. Torres,class_oog.php,NOT A POSTED ORDER
WEC GRAND ARENA,670,3860,2,28941,"2202) $32,000 4CYTE 1.45m CSI2* Speed 220.2.1.1",2,119,Diamond Rbc Z,Jenna P. Friedman-Lopez,Jenna P. Friedman-Lopez,class_oog.php,NOT A POSTED ORDER
WEC GRAND ARENA,670,3860,2,28941,"2202) $32,000 4CYTE 1.45m CSI2* Speed 220.2.1.1",3,122,Feinschnitt,Dominique Gonzalez,Terry Gonzalez,class_oog.php,NOT A POSTED ORDER
WEC GRAND ARENA,670,3860,2,28941,"2202) $32,000 4CYTE 1.45m CSI2* Speed 220.2.1.1",4,129,Mtm Can Talk To Me,Tracy Fenney,Michael J. Mccormick,class_oog.php,NOT A POSTED ORDER
WEC GRAND ARENA,670,3860,2,28941,"2202) $32,000 4CYTE 1.45m CSI2* Speed 220.2.1.1",5,131,Mtm Pablo,Tracy Fenney,Michael J. Mccormick,class_oog.php,NOT A POSTED ORDER
WEC GRAND ARENA,670,3860,2,28941,"2202) $32,000 4CYTE 1.45m CSI2* Speed 220.2.1.1",6,138,Cardozo 4,Tanner Korotkin,Alan Korotkin,class_oog.php,NOT A POSTED ORDER
WEC GRAND ARENA,670,3860,2,28941,"2202) $32,000 4CYTE 1.45m CSI2* Speed 220.2.1.1",7,139,Etonemoi Del Cabalero,Tanner Korotkin,Alan Korotkin,class_oog.php,NOT A POSTED ORDER
WEC GRAND ARENA,670,3860,2,28941,"2202) $32,000 4CYTE 1.45m CSI2* Speed 220.2.1.1",8,153,Champion League,Sharn L. Wordley,Sharn L. Wordley,class_oog.php,NOT A POSTED ORDER
WEC GRAND ARENA,670,3860,2,28941,"2202) $32,000 4CYTE 1.45m CSI2* Speed 220.2.1.1",9,154,Hagelin,Sharn L. Wordley,Sharn L. Wordley,class_oog.php,NOT A POSTED ORDER
WEC GRAND ARENA,670,3860,2,28941,"2202) $32,000 4CYTE 1.45m CSI2* Speed 220.2.1.1",10,132,Hop Mouche,Laura Gaither,Laura Gaither,class_oog.php,NOT A POSTED ORDER
WEC GRAND ARENA,670,3860,2,28941,"2202) $32,000 4CYTE 1.45m CSI2* Speed 220.2.1.1",11,133,My Diamant,Laura Gaither,Laura Gaither,class_oog.php,NOT A POSTED ORDER
WEC GRAND ARENA,670,3860,2,28941,"2202) $32,000 4CYTE 1.45m CSI2* Speed 220.2.1.1",12,157,Verdini D'houtveld Z,Lauren Balcomb,Sharn L. Wordley,class_oog.php,NOT A POSTED ORDER
WEC GRAND ARENA,670,3860,3,29134,645) $1000 1.35m Jumper II.1,1,1017,Défi De La Roque,Juan Benítez,Juan Benítez,class_oog.php,NOT A POSTED ORDER
WEC GRAND ARENA,670,3860,3,29134,645) $1000 1.35m Jumper II.1,2,1035,Ideal,Grace Lyons,Alan Korotkin,class_oog.php,NOT A POSTED ORDER
WEC GRAND ARENA,670,3860,3,29134,645) $1000 1.35m Jumper II.1,3,1037,Insider Bh,Victoria Rotsaert,Alan Korotkin,class_oog.php,NOT A POSTED ORDER
WEC GRAND ARENA,670,3860,3,29134,645) $1000 1.35m Jumper II.1,4,1044,Peridoni 20,Elisabeth Rotsaert,Alan Korotkin,class_oog.php,NOT A POSTED ORDER
WEC GRAND ARENA,670,3860,3,29134,645) $1000 1.35m Jumper II.1,5,1047,Sandenal,Tanner Korotkin,Alan Korotkin,class_oog.php,NOT A POSTED ORDER
WEC GRAND ARENA,670,3860,3,29134,645) $1000 1.35m Jumper II.1,6,1587,Dominance Z,Captain Brian Cournane,Captain Brian Cournane,class_oog.php,NOT A POSTED ORDER
WEC GRAND ARENA,670,3860,3,29134,645) $1000 1.35m Jumper II.1,7,1709,Headleys Kinetic,Anne L. Bingler,Anne L. Bingler,class_oog.php,NOT A POSTED ORDER
WEC GRAND ARENA,670,3860,3,29134,645) $1000 1.35m Jumper II.1,8,1784,Storiall Blue,Stella Stinnett,Thea N. Stinnett,class_oog.php,NOT A POSTED ORDER
WEC GRAND ARENA,670,3860,3,29134,645) $1000 1.35m Jumper II.1,9,1907,Wild Kat,Jamie Alnwick,Scott Keach,class_oog.php,NOT A POSTED ORDER
WEC GRAND ARENA,670,3860,3,29134,645) $1000 1.35m Jumper II.1,10,1995,Camino Imperio Egípcio,Ali Arbabi,Sharn L. Wordley,class_oog.php,NOT A POSTED ORDER
WEC GRAND ARENA,670,3860,3,29134,645) $1000 1.35m Jumper II.1,11,1996,Thor Jr,Ali Arbabi,Sharn L. Wordley,class_oog.php,NOT A POSTED ORDER
WEC GRAND ARENA,670,3860,3,29134,645) $1000 1.35m Jumper II.1,12,2020,Kannador,Clark Montgomery,Molly A. Kenney,class_oog.php,NOT A POSTED ORDER
WEC GRAND ARENA,670,3860,3,29134,645) $1000 1.35m Jumper II.1,13,2189,Indianapolis,Ivy Nyberg,Ivy Nyberg,class_oog.php,NOT A POSTED ORDER
WEC GRAND ARENA,670,3860,3,29134,645) $1000 1.35m Jumper II.1,14,2394,Bambina,Elin Mossberg,Elin Mossberg,class_oog.php,NOT A POSTED ORDER
WEC GRAND ARENA,670,3860,3,29134,645) $1000 1.35m Jumper II.1,15,2546,In The Wind Wow,Laura Gaither,Laura Gaither,class_oog.php,NOT A POSTED ORDER
WEC GRAND ARENA,670,3860,3,29134,645) $1000 1.35m Jumper II.1,16,2617,Istina Van De Kapel,Georgia Bouzaid,David Cameron,class_oog.php,NOT A POSTED ORDER
WEC GRAND ARENA,670,3860,3,29134,645) $1000 1.35m Jumper II.1,17,2864,Dominator Touch Z,Kalli Core,Bobby Boulger,class_oog.php,NOT A POSTED ORDER
WEC GRAND ARENA,670,3860,3,29134,645) $1000 1.35m Jumper II.1,18,2874,Dropshot Z,Jordan Petersen,Jared P. Petersen,class_oog.php,NOT A POSTED ORDER
WEC GRAND ARENA,670,3860,3,29134,645) $1000 1.35m Jumper II.1,19,2875,Kawir Ms,Jared P. Petersen,Jared P. Petersen,class_oog.php,NOT A POSTED ORDER
WEC GRAND ARENA,670,3860,3,29134,645) $1000 1.35m Jumper II.1,20,2879,Mick Jagger,Sharn L. Wordley,Sharn L. Wordley,class_oog.php,NOT A POSTED ORDER
WEC GRAND ARENA,670,3860,3,29134,645) $1000 1.35m Jumper II.1,21,2880,Valentine Car,Sharn L. Wordley,Sharn L. Wordley,class_oog.php,NOT A POSTED ORDER
WEC GRAND ARENA,670,3860,3,29134,645) $1000 1.35m Jumper II.1,22,2950,Denison Park Combat,Elizabeth Schumann,Brian Murphy,class_oog.php,NOT A POSTED ORDER
WEC GRAND ARENA,670,3860,3,29134,645) $1000 1.35m Jumper II.1,23,2952,Glenara Chacco Dp,Brian Murphy,Brian Murphy,class_oog.php,NOT A POSTED ORDER
WEC GRAND ARENA,670,3860,3,29134,645) $1000 1.35m Jumper II.1,24,2953,IVANHOE,Elizabeth Schumann,Brian Murphy,class_oog.php,NOT A POSTED ORDER
WEC GRAND ARENA,670,3860,3,29134,645) $1000 1.35m Jumper II.1,25,2961,Evolene De Carles,Vicente Guillen,Vicente Guillen,class_oog.php,NOT A POSTED ORDER
WEC GRAND ARENA,670,3860,3,29134,645) $1000 1.35m Jumper II.1,26,2027,Lagegonda Fz,Clark Montgomery,Clark Montgomery,class_oog.php,NOT A POSTED ORDER
WEC GRAND ARENA,670,3860,4,29172,692) $250 1.30m Young Jumper II.1,1,1327,Online,Clark Montgomery,Clark Montgomery,class_oog.php,NOT A POSTED ORDER
WEC GRAND ARENA,670,3860,4,29172,692) $250 1.30m Young Jumper II.1,2,1787,Tarantino De Rie,Robert Mendoza,Hanna Pieri,class_oog.php,NOT A POSTED ORDER
WEC GRAND ARENA,670,3860,4,29172,692) $250 1.30m Young Jumper II.1,3,1993,Copperfield Ghv Z,Molly Frei,Sven Frei,class_oog.php,NOT A POSTED ORDER
WEC GRAND ARENA,670,3860,4,29172,692) $250 1.30m Young Jumper II.1,4,2463,Eq Scorpio,Diego Farje,Sharn L. Wordley,class_oog.php,NOT A POSTED ORDER
WEC GRAND ARENA,670,3860,4,29172,692) $250 1.30m Young Jumper II.1,5,2568,Nasia’s Girl Keros,Hanna R. Egan,Hanna R. Egan,class_oog.php,NOT A POSTED ORDER
WEC GRAND ARENA,670,3860,4,29172,692) $250 1.30m Young Jumper II.1,6,2796,Santa Rosa Fiona,Priscilla Broger,Priscilla Broger,class_oog.php,NOT A POSTED ORDER
WEC GRAND ARENA,670,3860,4,29172,692) $250 1.30m Young Jumper II.1,7,2197,King William,Sharn L. Wordley,Sharn L. Wordley,class_oog.php,NOT A POSTED ORDER
WEC GRAND ARENA,670,3860,4,29172,692) $250 1.30m Young Jumper II.1,8,2199,Tobias Van Kreyel Mc,Lauren Balcomb,Sharn L. Wordley,class_oog.php,NOT A POSTED ORDER
WEC GRAND ARENA,670,3860,4,29172,692) $250 1.30m Young Jumper II.1,9,2204,5o1 Stakkatol's Dream,Jacob Fletcher,Jacob Fletcher,class_oog.php,NOT A POSTED ORDER
