ring,ring_no,ring_day_no,class_order,class_no,class_label,class_number,class_payout,class_name,entry_order,entry_no,horse,rider,trainer,source
,670,,,29237,,,,,1,146,Tulara Cascara,Aaron Vale,Ben Taylor,class_oog.php
,670,,,29237,,,,,2,123,Cordis Totalis Z,Selcuk Koksalan,Selcuk Koksalan,class_oog.php
,670,,,29237,,,,,3,153,Champion League,Sharn L. Wordley,Sharn L. Wordley,class_oog.php
,670,,,29237,,,,,4,114,Mestizo Ls,Lukene Arenas,Lukene Arenas,class_oog.php
,670,,,29237,,,,,5,104,Helia Ffh,Kyle Dewar,Kyle Dewar,class_oog.php
,670,,,29237,,,,,6,158,Icare Chavannais,Priscilla Broger,Priscilla Broger,class_oog.php
,670,,,29237,,,,,7,132,Hop Mouche,Laura Gaither,Laura Gaither,class_oog.php
,670,,,29237,,,,,8,160,The Golden Road,Camille Maynard,Camille Maynard,class_oog.php
,670,,,29237,,,,,9,111,Cascais Hc,Juan J. Bancalari,Juan M. Bolanos,class_oog.php
,670,,,29237,,,,,10,126,Hendrick Des Forets,Jodie Camberg,Megan Wexler,class_oog.php
,670,,,29237,,,,,11,115,Goliath De L’ Eldorado,Declan Egan,Declan Egan,class_oog.php
,670,,,29237,,,,,12,106,Kadar Hbc,Simon Arango,Juan M. Bolanos,class_oog.php
,670,,,29237,,,,,13,147,Effixe Du Melnire,Juan E. Hidalgo,Juan E. Hidalgo,class_oog.php
,670,,,29237,,,,,14,155,Nimbus Rfb,Aaron Vale,Ben Taylor,class_oog.php
,670,,,29237,,,,,15,159,S&l Protector,Ciaran Flynn,Michael J. Mccormick,class_oog.php
,670,,,29237,,,,,16,156,Yalambis Ikon,Maddison Stephen,Maddison Stephen,class_oog.php
,670,,,29237,,,,,17,124,Montecristo,Selcuk Koksalan,Selcuk Koksalan,class_oog.php
,670,,,29237,,,,,18,154,Hagelin,Sharn L. Wordley,Sharn L. Wordley,class_oog.php
,670,,,29237,,,,,19,103,Hutin De L'abbaye,Kyle Dewar,Kyle Dewar,class_oog.php
,670,,,29237,,,,,20,120,Charly Brown 353,Maya Denis,Megan Wexler,class_oog.php
,670,,,29237,,,,,21,105,Hopefull Menjoulet,Taylor St Jacques,Taylor St Jacques,class_oog.php
,670,,,29237,,,,,22,125,Conthinder,Sophia Ayers,Ben Taylor,class_oog.php
,670,,,29237,,,,,23,108,Chriszi,David Cameron,David Cameron,class_oog.php
,670,,,29237,,,,,24,134,Hollywood V,Amanda Gomez,Pamela Gomez,class_oog.php
,670,,,29237,,,,,25,107,Conthalando Ps,Manuel G. Torres,Manuel G. Torres,class_oog.php
,670,,,29237,,,,,26,157,Verdini D'houtveld Z,Lauren Balcomb,Sharn L. Wordley,class_oog.php
,670,,,29237,,,,,27,141,Sternmarke 3,Wilton J. Porter,Wilton J. Porter,class_oog.php
,670,,,29237,,,,,28,151,Contigo Z,Samuel Parot,Samuel Parot,class_oog.php
,670,,,29237,,,,,29,143,Pmf Inventiv,Angela Swanson,Angela Swanson,class_oog.php
,670,,,29237,,,,,30,145,Chutter Du Rouet Ps,Aaron Vale,Ben Taylor,class_oog.php
,670,,,29237,,,,,31,113,Arezzo Z,Juan M. Bolanos,Juan M. Bolanos,class_oog.php
,670,,,29237,,,,,32,133,My Diamant,Laura Gaither,Laura Gaither,class_oog.php
,670,,,28941,,,,,1,162,Hakatann De Lojou,Ashlee Bond,Ashlee Bond,class_oog.php
,670,,,28941,,,,,2,146,Tulara Cascara,Aaron Vale,Ben Taylor,class_oog.php
,670,,,28941,,,,,3,120,Charly Brown 353,Maya Denis,Megan Wexler,class_oog.php
,670,,,28941,,,,,4,108,Chriszi,David Cameron,David Cameron,class_oog.php
,670,,,28941,,,,,5,154,Hagelin,Sharn L. Wordley,Sharn L. Wordley,class_oog.php
,670,,,28941,,,,,6,161,Jason Brown,Flavio Montenegro,Ben Taylor,class_oog.php
,670,,,28941,,,,,7,122,Feinschnitt,Dominique Gonzalez,Terry Gonzalez,class_oog.php
,670,,,28941,,,,,8,112,Fraxinus Des Coeuries,Juan J. Bancalari,Juan M. Bolanos,class_oog.php
,670,,,28941,,,,,9,129,Mtm Can Talk To Me,Tracy Fenney,Michael J. Mccormick,class_oog.php
,670,,,28941,,,,,10,142,Puccini Van Orti,Lia Screnci,Lia Screnci,class_oog.php
,670,,,28941,,,,,11,151,Contigo Z,Samuel Parot,Samuel Parot,class_oog.php
,670,,,28941,,,,,12,109,Elalisa,Maleah Lang Mcmahon,Maleah Lang Mcmahon,class_oog.php
,670,,,28941,,,,,13,157,Verdini D'houtveld Z,Lauren Balcomb,Sharn L. Wordley,class_oog.php
,670,,,28941,,,,,14,127,Artic Jt Z,Captain Brian Cournane,Captain Brian Cournane,class_oog.php
,670,,,28941,,,,,15,159,S&l Protector,Ciaran Flynn,Michael J. Mccormick,class_oog.php
,670,,,28941,,,,,16,138,Cardozo 4,Tanner Korotkin,Alan Korotkin,class_oog.php
,670,,,28941,,,,,17,155,Nimbus Rfb,Aaron Vale,Ben Taylor,class_oog.php
,670,,,28941,,,,,18,149,Quicksilver C,Luis Sabino Goncalves,Luis Sabino Goncalves,class_oog.php
,670,,,28941,,,,,19,118,Comme Ci Comme Ca,Ashlee Bond,Ashlee Bond,class_oog.php
,670,,,28941,,,,,20,126,Hendrick Des Forets,Jodie Camberg,Megan Wexler,class_oog.php
,670,,,28941,,,,,21,153,Champion League,Sharn L. Wordley,Sharn L. Wordley,class_oog.php
,670,,,28941,,,,,22,133,My Diamant,Laura Gaither,Laura Gaither,class_oog.php
,670,,,28941,,,,,23,107,Conthalando Ps,Manuel G. Torres,Manuel G. Torres,class_oog.php
,670,,,28941,,,,,24,140,Dorchester,Nora Nauss,Andrew C. Welles,class_oog.php
,670,,,28941,,,,,25,116,Santiago Vh Netehof,Cormac Hanley,Thea N. Stinnett,class_oog.php
,670,,,28941,,,,,26,152,Gradje O,Samuel Parot,Samuel Parot,class_oog.php
,670,,,28941,,,,,27,115,Goliath De L’ Eldorado,Declan Egan,Declan Egan,class_oog.php
,670,,,28941,,,,,28,156,Yalambis Ikon,Maddison Stephen,Maddison Stephen,class_oog.php
,670,,,28941,,,,,29,131,Mtm Pablo,Tracy Fenney,Michael J. Mccormick,class_oog.php
,670,,,28941,,,,,30,119,Diamond Rbc Z,Jenna P. Friedman-Lopez,Jenna P. Friedman-Lopez,class_oog.php
,670,,,28941,,,,,31,113,Arezzo Z,Juan M. Bolanos,Juan M. Bolanos,class_oog.php
,670,,,29134,,,,,1,1565,Diabolo De La Roque,Antonio J. Martinez,Antonio J. Martinez,class_oog.php
,670,,,29134,,,,,2,1112,Cavendish,Wilton J. Porter,Wilton J. Porter,class_oog.php
,670,,,29134,,,,,3,3007,Del’arkan,Ryan Baldwin,Debbie L. Mccarthy-Connor,class_oog.php
,670,,,29134,,,,,4,1587,Dominance Z,Captain Brian Cournane,Captain Brian Cournane,class_oog.php
,670,,,29134,,,,,5,2952,Glenara Chacco Dp,Brian Murphy,Brian Murphy,class_oog.php
,670,,,29134,,,,,6,2934,Jalanne,Jelmer Hoekstra,Jelmer Hoekstra,class_oog.php
,670,,,29134,,,,,7,1700,Chacoons Bellis Z,Todd D. Minikus,Todd D. Minikus,class_oog.php
,670,,,29134,,,,,8,2362,Constantin De Hus,John Michael Durr,John Michael Durr,class_oog.php
,670,,,29134,,,,,9,1907,Wild Kat,Jamie Alnwick,Scott Keach,class_oog.php
,670,,,29134,,,,,10,2020,Kannador,Clark Montgomery,Molly A. Kenney,class_oog.php
,670,,,29134,,,,,11,1696,Kinmar Candy Hero,Declan Egan,Declan Egan,class_oog.php
,670,,,29134,,,,,12,1341,Modena Lc,Juan J. Bancalari,Juan J. Bancalari,class_oog.php
,670,,,29134,,,,,13,2124,Spy,Paul O'Shea,Davide Troncanetti,class_oog.php
,670,,,29134,,,,,14,2961,Evolene De Carles,Vicente Guillen,Vicente Guillen,class_oog.php
,670,,,29134,,,,,15,1784,Storiall Blue,Stella Stinnett,Thea N. Stinnett,class_oog.php
,670,,,29134,,,,,16,2185,Inka Malpic,Rebecca Conway,Conan Conway,class_oog.php
,670,,,29134,,,,,17,1919,Carla,Selcuk Koksalan,Selcuk Koksalan,class_oog.php
,670,,,29134,,,,,18,1995,Camino Imperio Egípcio,Ali Arbabi,Sharn L. Wordley,class_oog.php
,670,,,29134,,,,,19,1882,Kara J D'alve Z,Alexandria Beneson,Thea N. Stinnett,class_oog.php
,670,,,29134,,,,,20,1962,Isla De Coco,Anne W. Eldridge,Lauren E. Hough,class_oog.php
,670,,,29134,,,,,21,2174,Komet 306,Antonio J. Martinez,Antonio J. Martinez,class_oog.php
,670,,,29134,,,,,22,2094,Gold Du Rouet,Taylor St Jacques,Andrew C. Welles,class_oog.php
,670,,,29134,,,,,23,2367,Khadiri,Jake Evans,Jake Evans,class_oog.php
,670,,,29134,,,,,24,2081,Rsk Quality Cruise,Khloe Kerins,Darragh Kerins,class_oog.php
,670,,,29134,,,,,25,1225,Cardline Kdw Z,Megan Wexler,Megan Wexler,class_oog.php
,670,,,29134,,,,,26,1047,Sandenal,Tanner Korotkin,Alan Korotkin,class_oog.php
,670,,,29134,,,,,27,1181,Kentucky N,Wilton J. Porter,Wilton J. Porter,class_oog.php
,670,,,29134,,,,,28,2618,Quina Blue Ps,Timothy Maddrix,Timothy Maddrix,class_oog.php
,670,,,29134,,,,,29,2932,Dakota Z,Jelmer Hoekstra,Jelmer Hoekstra,class_oog.php
,670,,,29134,,,,,30,2875,Kawir Ms,Jared P. Petersen,Jared P. Petersen,class_oog.php
,670,,,29134,,,,,31,2880,Valentine Car,Sharn L. Wordley,Sharn L. Wordley,class_oog.php
,670,,,29134,,,,,32,1002,Balou's Paul Ps,Diego Gaspar De Goes,Juan Benítez,class_oog.php
,670,,,29134,,,,,33,1695,I Jump D'authuit,Declan Egan,Declan Egan,class_oog.php
,670,,,29134,,,,,34,2950,Denison Park Combat,Elizabeth Schumann,Brian Murphy,class_oog.php
,670,,,29134,,,,,35,2534,Callisto De Fetan Z,Robert Mendoza,Robert Mendoza,class_oog.php
,670,,,29134,,,,,36,1017,Défi De La Roque,Juan Benítez,Juan Benítez,class_oog.php
,670,,,29134,,,,,37,2617,Istina Van De Kapel,Georgia Bouzaid,David Cameron,class_oog.php
,670,,,29134,,,,,38,1323,Uncle John’s Band,Camille Maynard,Camille Maynard,class_oog.php
,670,,,29134,,,,,39,2189,Indianapolis,Ivy Nyberg,Ivy Nyberg,class_oog.php
,670,,,29134,,,,,40,1916,Hhf Levison's Pride,Bryce P. Richardson,Bryce P. Richardson,class_oog.php
,670,,,29134,,,,,41,2566,Tough Enough,Spencer Brittan,Spencer Brittan,class_oog.php
,670,,,29134,,,,,42,2157,Streya,Jacqueline Steffens Daly,Jacqueline Steffens Daly,class_oog.php
,670,,,29134,,,,,43,1574,Valdes,Antonio J. Martinez,Antonio J. Martinez,class_oog.php
,670,,,29134,,,,,44,2864,Dominator Touch Z,Kalli Core,Bobby Boulger,class_oog.php
,670,,,29134,,,,,45,2027,Lagegonda Fz,Clark Montgomery,Clark Montgomery,class_oog.php
,670,,,29134,,,,,46,1837,Os Quincy,Rebecca Warth,Rebecca Warth,class_oog.php
,670,,,29134,,,,,47,1649,Chacoons Gisa Blue Z,Kyle Dewar,Kyle Dewar,class_oog.php
,670,,,29134,,,,,48,3008,Mon-Ami,Debbie L. Mccarthy-Connor,Debbie L. Mccarthy-Connor,class_oog.php
,670,,,29134,,,,,49,2955,Cameron 38,Jamie M. Stryker,Kirk Webby,class_oog.php
,670,,,29134,,,,,50,1182,Lupina Colada,Wilton J. Porter,Wilton J. Porter,class_oog.php
,670,,,29134,,,,,51,2874,Dropshot Z,Jordan Petersen,Jared P. Petersen,class_oog.php
,670,,,29134,,,,,52,1086,It Is West,Rebecca Conway,Conan Conway,class_oog.php
,670,,,29134,,,,,53,1035,Ideal,Grace Lyons,Alan Korotkin,class_oog.php
,670,,,29134,,,,,54,2292,Icarus,Declan Egan,Declan Egan,class_oog.php
,670,,,29134,,,,,55,2879,Mick Jagger,Sharn L. Wordley,Sharn L. Wordley,class_oog.php
,670,,,29134,,,,,56,1709,Headleys Kinetic,Anne L. Bingler,Anne L. Bingler,class_oog.php
,670,,,29134,,,,,57,1044,Peridoni 20,Elisabeth Rotsaert,Alan Korotkin,class_oog.php
,670,,,29134,,,,,58,1996,Thor Jr,Ali Arbabi,Sharn L. Wordley,class_oog.php
,670,,,29134,,,,,59,1038,Kindly,Tanner Korotkin,Alan Korotkin,class_oog.php
,670,,,29134,,,,,60,1742,Mason,Aidan Murphy,Candice King,class_oog.php
,670,,,29134,,,,,61,1223,Ledoux,Megan Wexler,Megan Wexler,class_oog.php
,670,,,29134,,,,,62,1684,Gelano,Jessica Collins,Jessica Collins,class_oog.php
,670,,,29134,,,,,63,1481,Limerick,Taylor Manning,Taylor Manning,class_oog.php
,670,,,29134,,,,,64,1567,Octavius Scf,Antonio J. Martinez,Antonio J. Martinez,class_oog.php
,670,,,29134,,,,,65,1066,Lufrieda Vdl,Clara Vidal,Daniela Roy,class_oog.php
,670,,,29134,,,,,66,1037,Insider Bh,Victoria Rotsaert,Alan Korotkin,class_oog.php
,670,,,29134,,,,,67,2132,Goliath,Addison Reed,Addison Reed,class_oog.php
,670,,,29134,,,,,68,2953,Ivanhoe,Elizabeth Schumann,Brian Murphy,class_oog.php
,670,,,29134,,,,,69,2931,Bellissima Dh Z,Jelmer Hoekstra,Jelmer Hoekstra,class_oog.php
,670,,,29134,,,,,70,2394,Bambina,Elin Mossberg,Patrick R. Wilcher,class_oog.php
,670,,,29172,,,,,1,2135,Orisco,Addison Reed,Addison Reed,class_oog.php
,670,,,29172,,,,,2,1246,Redbull 33 Vdh,Brittni A. Raflowitz,Brittni A. Raflowitz,class_oog.php
,670,,,29172,,,,,3,2199,Tobias Van Kreyel Mc,Lauren Balcomb,Sharn L. Wordley,class_oog.php
,670,,,29172,,,,,4,1334,Classical Touch,Juan M. Bolanos,Juan M. Bolanos,class_oog.php
,670,,,29172,,,,,5,3046,Dolittle 32,Bruno Diniz Das Neves,Bruno Diniz Das Neves,class_oog.php
,670,,,29172,,,,,6,1462,Pavarotti Van De Schutskooi,Cormac Hanley,Thea N. Stinnett,class_oog.php
,670,,,29172,,,,,7,2463,Eq Scorpio,Diego Farje,Sharn L. Wordley,class_oog.php
,670,,,29172,,,,,8,1831,Umtiti Van De Barlebuis,Lia Screnci,Lia Screnci,class_oog.php
,670,,,29172,,,,,9,2635,Tugano Van Klapscheut,Addison Reed,Raishun Burch,class_oog.php
,670,,,29172,,,,,10,2713,Superman Eh,Juan E. Hidalgo,Juan E. Hidalgo,class_oog.php
,670,,,29172,,,,,11,1787,Tarantino De Rie,Robert Mendoza,Hanna Pieri,class_oog.php
,670,,,29172,,,,,12,1449,Curacao D'elsendam Z,Taylor St Jacques,Taylor St Jacques,class_oog.php
,670,,,29172,,,,,13,2204,5o1 Stakkatol's Dream,Jacob Fletcher,Jacob Fletcher,class_oog.php
,670,,,29172,,,,,14,1923,Olaf,Selcuk Koksalan,Selcuk Koksalan,class_oog.php
,670,,,29172,,,,,15,1327,Online,Clark Montgomery,Clark Montgomery,class_oog.php
,670,,,29172,,,,,16,1993,Copperfield Ghv Z,Molly Frei,Sven Frei,class_oog.php
,670,,,29172,,,,,17,2133,O'Malley Rfb,Addison Reed,Addison Reed,class_oog.php
,670,,,29172,,,,,18,2320,Mtm Good Question,Tracy Fenney,Michael J. Mccormick,class_oog.php
,670,,,29172,,,,,19,1296,Calou Us,Tanner Korotkin,Alan Korotkin,class_oog.php
,670,,,29172,,,,,20,2197,King William,Sharn L. Wordley,Sharn L. Wordley,class_oog.php
,670,,,29172,,,,,21,2568,Nasia’s Girl Keros,Hanna R. Egan,Hanna R. Egan,class_oog.php
,670,,,29172,,,,,22,2881,Don Cor Z,Ryan Michael Genn,Ryan Michael Genn,class_oog.php
,670,,,29172,,,,,23,1342,Only Love B,Juan M. Bolanos,Juan M. Bolanos,class_oog.php
,670,,,29172,,,,,24,1860,Crusader,Marcus Gruenthal,Marcus Gruenthal,class_oog.php
,670,,,29172,,,,,25,1782,Cash For Roses,Bruno Diniz Das Neves,Bruno Diniz Das Neves,class_oog.php
,670,,,29172,,,,,26,2796,Santa Rosa Fiona,Priscilla Broger,Priscilla Broger,class_oog.php
,670,,,29172,,,,,27,2134,O-Toulon K,Addison Reed,Addison Reed,class_oog.php
,684,,,29164,,,,,1,1025,Dodicci,Tanner Korotkin,Alan Korotkin,class_oog.php
,684,,,29164,,,,,2,1042,Maiki,Tanner Korotkin,Alan Korotkin,class_oog.php
,684,,,29164,,,,,3,1045,Qastaar Van't Heike,Tanner Korotkin,Alan Korotkin,class_oog.php
,684,,,29164,,,,,4,1064,Locinthe Vdl,Clara Vidal,Daniela Roy,class_oog.php
,684,,,29164,,,,,5,1067,Noah,Clara Vidal,Daniela Roy,class_oog.php
,684,,,29164,,,,,6,1085,Conthargos Gold,Rebecca Conway,Conan Conway,class_oog.php
,684,,,29164,,,,,7,1108,Cali Blue Ps,Jessica Cross,Jessica Cross,class_oog.php
,684,,,29164,,,,,8,1109,Odilon,Soleil Katsur,Jessica Cross,class_oog.php
,684,,,29164,,,,,9,1224,Lord Cornet,Megan Wexler,Megan Wexler,class_oog.php
,684,,,29164,,,,,10,1241,Balou Blue Z,Brittni A. Raflowitz,Brittni A. Raflowitz,class_oog.php
,684,,,29164,,,,,11,1346,Britney Ps,Cullen Drescher,Derek Reed,class_oog.php
,684,,,29164,,,,,12,1347,Oscars Afterparty,Cullen Drescher,Derek Reed,class_oog.php
,684,,,29164,,,,,13,1425,Categorico Ec Z,Devin A. Seek,Stefano Baruzzo,class_oog.php
,684,,,29164,,,,,14,1519,Mtm Clarcona,Anna Mead,Stephen Dicarlo,class_oog.php
,684,,,29164,,,,,15,1563,Herlich,Bowers A. Cone,Stephen Dicarlo,class_oog.php
,684,,,29164,,,,,16,1595,Levano,Sarah E. Turner,Ben Taylor,class_oog.php
,684,,,29164,,,,,17,1679,Tarzan Z,Ana Cristina Rodriguez,Juan A. Rodriguez Silva,class_oog.php
,684,,,29164,,,,,18,1682,Allegra Van Het Eikenhof Z,Aria Collins,Jessica Collins,class_oog.php
,684,,,29164,,,,,19,1744,Diatoon Blue Ps,Madison Rose,Madison Rose,class_oog.php
,684,,,29164,,,,,20,1767,Gotham De Chalusse,Robert Mendoza,Robert Mendoza,class_oog.php
,684,,,29164,,,,,21,1877,Daham,Jelmer Hoekstra,Tara G. Bostwick,class_oog.php
,684,,,29164,,,,,22,1878,Futur Du Pomiez,Jelmer Hoekstra,Tara G. Bostwick,class_oog.php
,684,,,29164,,,,,23,2003,Ancelotti,Ashley Romano,Ashley Romano,class_oog.php
,684,,,29164,,,,,24,2037,Fernhill Touch Of Grandeur,Kendall Stephens,Maya Denis,class_oog.php
,684,,,29164,,,,,25,2078,Lissino,Khloe Kerins,Darragh Kerins,class_oog.php
,684,,,29164,,,,,26,2108,Spice Of Life,Isaac Leffkowitz,Isaac Leffkowitz,class_oog.php
,684,,,29164,,,,,27,2172,Castell 21,Amanda Gardiner,Megan Gardiner,class_oog.php
,684,,,29164,,,,,28,2173,Danilo Khr,Megan Gardiner,Megan Gardiner,class_oog.php
,684,,,29164,,,,,29,2291,Fleurescent,Declan Egan,Declan Egan,class_oog.php
,684,,,29164,,,,,30,2351,Otto Pilot,Jeannie M. Savegnago,Lauren Schweppe,class_oog.php
,684,,,29164,,,,,31,2365,Qiana,Marcus Gruenthal,Marcus Gruenthal,class_oog.php
,684,,,29164,,,,,32,2573,Ballyforan,Patrick R. Wilcher,Patrick R. Wilcher,class_oog.php
,684,,,29164,,,,,33,2602,Fabian,Bonnie Silver,Annalee Bennett,class_oog.php
,684,,,29164,,,,,34,2702,For Jens Z,Patrick R. Wilcher,Dana G. Waters,class_oog.php
,684,,,29164,,,,,35,2709,Cfh Ricardo Two You,Juan E. Hidalgo,Juan E. Hidalgo,class_oog.php
,684,,,29164,,,,,36,2733,Balisto,Maya Denis,Joachim Englert,class_oog.php
,684,,,29164,,,,,37,2821,Arianna Rv,John M. Struzzieri,Ryan Michael Genn,class_oog.php
,684,,,29164,,,,,38,2822,Chabluevara Ps,Ryan Michael Genn,Ryan Michael Genn,class_oog.php
,684,,,29164,,,,,39,2823,Conlando 55,John M. Struzzieri,Ryan Michael Genn,class_oog.php
,684,,,29164,,,,,40,2824,Dame Bruchetta Z,Kitt Ritter,Ryan Michael Genn,class_oog.php
,684,,,29164,,,,,41,2832,Lindy Hop,Clark Montgomery,Clark Montgomery,class_oog.php
,684,,,29164,,,,,42,2933,Iron Rock,Dorothy Douglas,Jelmer Hoekstra,class_oog.php
,684,,,29164,,,,,43,2935,Paseana,Jelmer Hoekstra,Jelmer Hoekstra,class_oog.php
,684,,,29164,,,,,44,2965,Kurano Sp Z,Brooklyn Castellano,Brooklyn Castellano,class_oog.php
,684,,,29164,,,,,45,3001,Kilenka Gl,Alyssa Amberge,Alyssa Amberge,class_oog.php
,684,,,29128,,,,,1,1025,Dodicci,Carsyn Korotkin,Alan Korotkin,class_oog.php
,684,,,29128,,,,,2,1035,Ideal,Tanner Korotkin,Alan Korotkin,class_oog.php
,684,,,29128,,,,,3,1039,King Z,Tanner Korotkin,Alan Korotkin,class_oog.php
,684,,,29128,,,,,4,1076,Curioso Van Maarle Z,Hector Florentino,Benjamin J. Meredith,class_oog.php
,684,,,29128,,,,,5,1105,Legacy Rs,Lauren E. Hough,Benjamin J. Meredith,class_oog.php
,684,,,29128,,,,,6,1261,Com'on Kylie M,Sophia Ayers,Ben Taylor,class_oog.php
,684,,,29128,,,,,7,1288,Cash The First Des Rosiers Z,Angela Swanson,Angela Swanson,class_oog.php
,684,,,29128,,,,,8,1289,Engas Aurantiaco,Angela Swanson,Angela Swanson,class_oog.php
,684,,,29128,,,,,9,1336,Dorothea Mystic Rose,Juan M. Bolanos,Juan M. Bolanos,class_oog.php
,684,,,29128,,,,,10,1340,Light Blue Mystic Rose,Juan M. Bolanos,Juan M. Bolanos,class_oog.php
,684,,,29128,,,,,11,1347,Oscars Afterparty,Cullen Drescher,Derek Reed,class_oog.php
,684,,,29128,,,,,12,1440,Maeberry,Matthew Le Master,Matthew Le Master,class_oog.php
,684,,,29128,,,,,13,1566,Itos S,Antonio J. Martinez,Antonio J. Martinez,class_oog.php
,684,,,29128,,,,,14,1568,Picobella De Pot,Antonio J. Martinez,Antonio J. Martinez,class_oog.php
,684,,,29128,,,,,15,1647,Dionte Van’t Merelsnest Z,Juan A. Rodriguez Silva,Juan A. Rodriguez Silva,class_oog.php
,684,,,29128,,,,,16,1660,Luau Cove Csf,Kyle Dewar,Kyle Dewar,class_oog.php
,684,,,29128,,,,,17,1666,F.ellouette,Sebastian Presa Tejada,Juan A. Rodriguez Silva,class_oog.php
,684,,,29128,,,,,18,1692,Cruise Mor,Lindsay Haselden,Lindsay Haselden,class_oog.php
,684,,,29128,,,,,19,1694,Hector Du Gue,Ryan Haselden,Declan Egan,class_oog.php
,684,,,29128,,,,,20,1766,Diatendra,Robert Mendoza,Robert Mendoza,class_oog.php
,684,,,29128,,,,,21,1853,Indiana De Riverland,Declan Egan,Declan Egan,class_oog.php
,684,,,29128,,,,,22,1880,Poliana Van Op De Berg,Alberto Sarmiento,Juan M. Bolanos,class_oog.php
,684,,,29128,,,,,23,1902,Born To Be Wild,Jamie Alnwick,Scott Keach,class_oog.php
,684,,,29128,,,,,24,1910,Mtm Cascadela,Evana Somareddy,Heather Dayner,class_oog.php
,684,,,29128,,,,,25,1913,Boleybawn Rolo,Bryce P. Richardson,Bryce P. Richardson,class_oog.php
,684,,,29128,,,,,26,1961,Fernhill Athletico Z,Lauren E. Hough,Lauren E. Hough,class_oog.php
,684,,,29128,,,,,27,2023,Joaquin Daloubet,Cristobal Castro,Cristobal Castro,class_oog.php
,684,,,29128,,,,,28,2029,Cobalto,Anne L. Bingler,Anne L. Bingler,class_oog.php
,684,,,29128,,,,,29,2078,Lissino,Khloe Kerins,Darragh Kerins,class_oog.php
,684,,,29128,,,,,30,2093,Dragonfly,Nora Nauss,Andrew C. Welles,class_oog.php
,684,,,29128,,,,,31,2152,Bluebelle,Andres A. Correa,Andres A. Correa,class_oog.php
,684,,,29128,,,,,32,2155,La Luciole,Jacqueline Steffens Daly,Jacqueline Steffens Daly,class_oog.php
,684,,,29128,,,,,33,2158,Calibur W,H Dougl Schreiber,H Dougl Schreiber,class_oog.php
,684,,,29128,,,,,34,2196,Kan So,Diego Farje,Sharn L. Wordley,class_oog.php
,684,,,29128,,,,,35,2294,Onetta Vd Fruitkorf Z,Declan Egan,Declan Egan,class_oog.php
,684,,,29128,,,,,36,2313,Mtm Bubba,Ellham Memari,Michael J. Mccormick,class_oog.php
,684,,,29128,,,,,37,2354,Kleopatra Hero Z,Luke Sassi,Luke Sassi,class_oog.php
,684,,,29128,,,,,38,2372,F Miss Gouvernante Vdl Z,Anthony Sauriol,Anthony Sauriol,class_oog.php
,684,,,29128,,,,,39,2402,Diabalou Ps,Lukene Arenas,Lukene Arenas,class_oog.php
,684,,,29128,,,,,40,2572,Geisha D’agenais,Cyril Chatel,Laura Gaither,class_oog.php
,684,,,29128,,,,,41,2630,Vamos,Ashlynn Meuchel,Ashlynn Meuchel,class_oog.php
,684,,,29128,,,,,42,2631,Zhardas Kil,Ashlynn Meuchel,Ashlynn Meuchel,class_oog.php
,684,,,29128,,,,,43,2710,Elwen M' Aurea,Juan E. Hidalgo,Juan E. Hidalgo,class_oog.php
,684,,,29128,,,,,44,2711,Emyr De Launay,Mauricio Gruener,Juan E. Hidalgo,class_oog.php
,684,,,29128,,,,,45,2712,Il Vole Du Park,Juan E. Hidalgo,Juan E. Hidalgo,class_oog.php
,684,,,29128,,,,,46,2717,Catoki's Fly Girl,Campbell Lear,Pamela Gomez,class_oog.php
,684,,,29128,,,,,47,2718,Lucas 274,Valeska Furlong,Pamela Gomez,class_oog.php
,684,,,29128,,,,,48,2722,de Lisle Apollo,Mia Smith,David Cameron,class_oog.php
,684,,,29128,,,,,49,2792,Helia Des Bergeries,Camille Maynard,Matt Martin,class_oog.php
,684,,,29128,,,,,50,2822,Chabluevara Ps,Ryan Michael Genn,Ryan Michael Genn,class_oog.php
,684,,,29128,,,,,51,2823,Conlando 55,John M. Struzzieri,Ryan Michael Genn,class_oog.php
,684,,,29128,,,,,52,2846,KS Barbie,Maleah Lang Mcmahon,Maleah Lang Mcmahon,class_oog.php
,684,,,29128,,,,,53,2873,Comme II Reality,Elizabeth Solomon,Elizabeth Solomon,class_oog.php
,684,,,29128,,,,,54,2885,Official First Hj Z,Ryan Michael Genn,Ryan Michael Genn,class_oog.php
,684,,,29128,,,,,55,2929,Kaytaro,Declan Egan,Declan Egan,class_oog.php
,684,,,29128,,,,,56,2982,Cylano,Savannah Groselle,Savannah Groselle,class_oog.php
,684,,,29128,,,,,57,2993,Delando De St Leger,Dorothy Douglas,Jelmer Hoekstra,class_oog.php
,684,,,29128,,,,,58,2997,Qatar,Hector Florentino,Hector Florentino,class_oog.php
,684,,,29128,,,,,59,3016,Dorado Sdn,Cooper Beisel,Ben Taylor,class_oog.php
,684,,,29128,,,,,60,3051,Undercover,Staisha Connors,Michael Connors,class_oog.php
,684,,,29131,,,,,1,1035,Ideal,Grace Lyons,Alan Korotkin,class_oog.php
,684,,,29131,,,,,2,1075,Chris B,Hector Florentino,Benjamin J. Meredith,class_oog.php
,684,,,29131,,,,,3,1275,Norton Vdl,Abby Grabowski,Ben Taylor,class_oog.php
,684,,,29131,,,,,4,1455,Phoenix Air,Lanie Nash,Dawn Hersey,class_oog.php
,684,,,29131,,,,,5,1569,Rondalla Ls,Antonio J. Martinez,Antonio J. Martinez,class_oog.php
,684,,,29131,,,,,6,1593,Vdl Nevena,Belen Guarderas,Juan M. Bolanos,class_oog.php
,684,,,29131,,,,,7,1661,Major,Kyle Dewar,Kyle Dewar,class_oog.php
,684,,,29131,,,,,8,1709,Headleys Kinetic,Anne L. Bingler,Anne L. Bingler,class_oog.php
,684,,,29131,,,,,9,1768,Mistigrise Du Seigneur,Robert Mendoza,Robert Mendoza,class_oog.php
,684,,,29131,,,,,10,1843,Accelerator,Fabian Herrera,Fabian Herrera,class_oog.php
,684,,,29131,,,,,11,1880,Poliana Van Op De Berg,Alberto Sarmiento,Juan M. Bolanos,class_oog.php
,684,,,29131,,,,,12,1910,Mtm Cascadela,Evana Somareddy,Heather Dayner,class_oog.php
,684,,,29131,,,,,13,2091,Cismet 4,Andrew C. Welles,Andrew C. Welles,class_oog.php
,684,,,29131,,,,,14,2181,Chaning Tatum,Robert Mendoza,Samantha Mccleerey,class_oog.php
,684,,,29131,,,,,15,2569,Night Light,Hanna R. Egan,Hanna R. Egan,class_oog.php
,684,,,29131,,,,,16,2719,Nobeltje,Amanda Gomez,Pamela Gomez,class_oog.php
,684,,,29131,,,,,17,2731,Picar,Mario Garcia,Mario Garcia,class_oog.php
,684,,,29131,,,,,18,2876,Ewsz Omega,Gonzalo Guevara,Gonzalo Guevara,class_oog.php
,684,,,29131,,,,,19,2932,Dakota Z,Jelmer Hoekstra,Jelmer Hoekstra,class_oog.php
,684,,,29131,,,,,20,2956,Cornetta Lazar,Kirk Webby,Kirk Webby,class_oog.php
,684,,,29131,,,,,21,3011,Guibet P,Amanda Gomez,Pamela Gomez,class_oog.php
,684,,,29131,,,,,22,3035,Cooley Elusive,Tom Monaghan,Tom Monaghan,class_oog.php
,684,,,29131,,,,,23,3037,Malmo 54,Tom Monaghan,Tom Monaghan,class_oog.php
,684,,,29169,,,,,1,1104,Hallmark Hpf,Hector Florentino,Benjamin J. Meredith,class_oog.php
,684,,,29169,,,,,2,1215,Temptation V/H Haringvliet Z,Jodie Camberg,Megan Wexler,class_oog.php
,684,,,29169,,,,,3,1273,Mucksmaeuschenstill,Aaron Vale,Ben Taylor,class_oog.php
,684,,,29169,,,,,4,1452,Onyx,Taylor St Jacques,Taylor St Jacques,class_oog.php
,684,,,29169,,,,,5,1460,Cognac Vh Gebergte Z,Cormac Hanley,Thea N. Stinnett,class_oog.php
,684,,,29169,,,,,6,1592,Oakland,Belen Guarderas,Juan M. Bolanos,class_oog.php
,684,,,29169,,,,,7,1705,Pi-Air,Riley Delbecq,Todd D. Minikus,class_oog.php
,684,,,29169,,,,,8,1735,Cachaca Pitu Lhf,Marcus Gruenthal,Marcus Gruenthal,class_oog.php
,684,,,29169,,,,,9,1743,Tillman,Aidan Murphy,Candice King,class_oog.php
,684,,,29169,,,,,10,1745,Oa Uno Mas Cerveza,Madison Rose,Madison Rose,class_oog.php
,684,,,29169,,,,,11,1786,Lyonheart,Robert Mendoza,Hanna Pieri,class_oog.php
,684,,,29169,,,,,12,1787,Tarantino De Rie,Robert Mendoza,Hanna Pieri,class_oog.php
,684,,,29169,,,,,13,1902,Born To Be Wild,Jamie Alnwick,Scott Keach,class_oog.php
,684,,,29169,,,,,14,1993,Copperfield Ghv Z,Molly Frei,Sven Frei,class_oog.php
,684,,,29169,,,,,15,2036,Diablue Sh Z,Jared P. Petersen,Jared P. Petersen,class_oog.php
,684,,,29169,,,,,16,2069,Bizzy Sh,Jordan Petersen,Jared P. Petersen,class_oog.php
,684,,,29169,,,,,17,2360,Cassaderra Na,Taryn M. Adamy,Taryn M. Adamy,class_oog.php
,684,,,29169,,,,,18,2633,Dimazzo,Leah Lang-Gluscic,Leah Lang-Gluscic,class_oog.php
,684,,,29169,,,,,19,2866,Kateri,Kalli Core,Bobby Boulger,class_oog.php
,684,,,29169,,,,,20,2881,Don Cor Z,Ryan Michael Genn,Ryan Michael Genn,class_oog.php
,684,,,29169,,,,,21,2960,Dracko Van Het Vinckenhof Z,Vicente Guillen,Vicente Guillen,class_oog.php
,684,,,29166,,,,,1,1021,Rover,Kelly Prather,Michael K. Kennedy,class_oog.php
,684,,,29166,,,,,2,1257,Avalanche,Mallory Vale,Ben Taylor,class_oog.php
,684,,,29166,,,,,3,1263,Eliott Dz,Aaron Vale,Ben Taylor,class_oog.php
,684,,,29166,,,,,4,1277,Reelz,Mallory Vale,Ben Taylor,class_oog.php
,684,,,29166,,,,,5,1513,Ck’s Superman,Libby Woodworth,Stephen Dicarlo,class_oog.php
,684,,,29166,,,,,6,1707,Ally Z,Anne L. Bingler,Anne L. Bingler,class_oog.php
,684,,,29166,,,,,7,1757,Frodo,River A. Wylde,River A. Wylde,class_oog.php
,684,,,29166,,,,,8,1793,Comme Il Hero Z,Matthew Le Master,Matthew Le Master,class_oog.php
,684,,,29166,,,,,9,2003,Ancelotti,Ashley Romano,Ashley Romano,class_oog.php
,684,,,29166,,,,,10,2073,Ballyheerin Belle Jorado,Sarah Kerins,Darragh Kerins,class_oog.php
,684,,,29166,,,,,11,2080,P-Capitola,Sarah Kerins,Darragh Kerins,class_oog.php
,684,,,29166,,,,,12,2153,Dulce,Andres A. Correa,Andres A. Correa,class_oog.php
,684,,,29166,,,,,13,2162,Paulownia,Josh Dolan,Josh Dolan,class_oog.php
,684,,,29166,,,,,14,2341,Diamant's Invincible Na,Jared P. Petersen,Derek Petersen,class_oog.php
,684,,,29166,,,,,15,2360,Cassaderra Na,Taryn M. Adamy,Taryn M. Adamy,class_oog.php
,684,,,29166,,,,,16,2707,Voila Bbf,Hayley G. Waters Wear,Dana G. Waters,class_oog.php
,684,,,29166,,,,,17,2708,Volcano Bbf,Hayley G. Waters Wear,Dana G. Waters,class_oog.php
,684,,,29166,,,,,18,2836,Forseti,Ben Taylor,Ben Taylor,class_oog.php
,684,,,29166,,,,,19,2884,Karma,Ryan Michael Genn,Ryan Michael Genn,class_oog.php
,684,,,29166,,,,,20,2946,Calderon T,Andras Szieberth,Andras Szieberth,class_oog.php
,684,,,29166,,,,,21,2963,Diadora,Jordan Petersen,Jared P. Petersen,class_oog.php
,684,,,29166,,,,,22,2996,Maleficent Ht,Hector Florentino,Benjamin J. Meredith,class_oog.php
,684,,,29166,,,,,23,3049,Donna Lucardie Z,Francesca Chiatti,Anna Christina Gansauer,class_oog.php
,683,,,29394,,,,,1,1263,Eliott Dz,Aaron Vale,Ben Taylor,class_oog.php
,683,,,29394,,,,,2,1268,Invictus,Aaron Vale,Ben Taylor,class_oog.php
,683,,,29394,,,,,3,1293,Getthe Muny Bernie,Carrie Riddle,Lindsay Barrack,class_oog.php
,683,,,29394,,,,,4,1297,La La Land,Christina Faninger,Alan Korotkin,class_oog.php
,683,,,29394,,,,,5,1298,Pays Bas V,Sophie Smith,Morgan Taylor,class_oog.php
,683,,,29394,,,,,6,1343,Pedro Molino,Kristen Litteken,Juan M. Bolanos,class_oog.php
,683,,,29394,,,,,7,1437,Balencia,Stella Gavin,Matthew Le Master,class_oog.php
,683,,,29394,,,,,8,1465,Norelien,Maya Allhusen,Mario Garcia,class_oog.php
,683,,,29394,,,,,9,1480,Ameko Chaccord,Taylor Manning,Taylor Manning,class_oog.php
,683,,,29394,,,,,10,1591,Irish Coffee Vhl,Iliana Palumbo,Alan Korotkin,class_oog.php
,683,,,29394,,,,,11,1598,Sublime,Sophie Smith,Morgan Taylor,class_oog.php
,683,,,29394,,,,,12,1775,Once Upon A Time,Alyson Jones,Kim Taylor,class_oog.php
,683,,,29394,,,,,13,1883,Untouchable's Unique,Dominic Arnold,Alyssa Venn,class_oog.php
,683,,,29394,,,,,14,2156,Lady Roxy,Suzanne Burns,Jacqueline Steffens Daly,class_oog.php
,683,,,29394,,,,,15,2177,Ata Fe Dulce,Lyla Roberts,Mario Garcia,class_oog.php
,683,,,29394,,,,,16,2375,Sylvester Ter Linden,Lynde Johnson,August Torsilieri,class_oog.php
,683,,,29394,,,,,17,2405,Billy Suffragette,Emerson Ritter,Morgan Taylor,class_oog.php
,683,,,29394,,,,,18,2543,Billy Snowdonia,Camille Maynard,Camille Maynard,class_oog.php
,683,,,29394,,,,,19,2803,Kanai,Addison Reed,Addison Reed,class_oog.php
,683,,,29394,,,,,20,2834,Hercules,Maya Allhusen,Mario Garcia,class_oog.php
,683,,,29394,,,,,21,2877,Big Castle,Shannon Y. Clifford,Shannon Y. Clifford,class_oog.php
,683,,,29394,,,,,22,2882,Crush,Scott Diffey,Scott Diffey,class_oog.php
,683,,,29394,,,,,23,2970,Fe Crack The Code,Amanda Gardiner,Megan Gardiner,class_oog.php
,683,,,29394,,,,,24,3039,Billy Adorable,Sophie Smith,Morgan Taylor,class_oog.php
,683,,,29159,,,,,1,1003,Daizi De Beaufour,Rita de Goes,Juan Benítez,class_oog.php
,683,,,29159,,,,,2,1043,Markanto A,Tanner Korotkin,Alan Korotkin,class_oog.php
,683,,,29159,,,,,3,1096,Cold Play,Isaac Leffkowitz,Isaac Leffkowitz,class_oog.php
,683,,,29159,,,,,4,1102,Talk About Me,Violetta Bergonzoli,Morgan Taylor,class_oog.php
,683,,,29159,,,,,5,1145,Cecile S,Alicia Taylor,Stephen Dicarlo,class_oog.php
,683,,,29159,,,,,6,1201,Contika 46,Kacey Conway,Kacey Conway,class_oog.php
,683,,,29159,,,,,7,1248,Ciemusic Z,Kathryn Camunas,Erica Robson,class_oog.php
,683,,,29159,,,,,8,1278,Remus Van't Merelsnest,Sophia Ayers,Ben Taylor,class_oog.php
,683,,,29159,,,,,9,1326,The Getaway Car,Lanie Nash,Dawn Hersey,class_oog.php
,683,,,29159,,,,,10,1439,Il Dolce,Lauren Flesher,Matthew Le Master,class_oog.php
,683,,,29159,,,,,11,1454,Mr Dw,Lanie Nash,Dawn Hersey,class_oog.php
,683,,,29159,,,,,12,1480,Ameko Chaccord,Taylor Manning,Taylor Manning,class_oog.php
,683,,,29159,,,,,13,1516,Grandia,Bowers A. Cone,Stephen Dicarlo,class_oog.php
,683,,,29159,,,,,14,1685,Hh Hyyerr Calling,Jessica Collins,Jessica Collins,class_oog.php
,683,,,29159,,,,,15,1769,Nevada Vdl,Robert Mendoza,Robert Mendoza,class_oog.php
,683,,,29159,,,,,16,1777,Bz Cancara,Antonio J. Martinez,Antonio J. Martinez,class_oog.php
,683,,,29159,,,,,17,1778,Lisdeen Lady Kvj,Antonio J. Martinez,Antonio J. Martinez,class_oog.php
,683,,,29159,,,,,18,1795,Mazatlan Ps,Violetta Bergonzoli,Morgan Taylor,class_oog.php
,683,,,29159,,,,,19,1866,Mckenzie Z,Celso Ariani,Celso Ariani,class_oog.php
,683,,,29159,,,,,20,1867,Orindus W,Celso Ariani,Celso Ariani,class_oog.php
,683,,,29159,,,,,21,1932,Florian,Windsor Ryan,Traci A. Weston,class_oog.php
,683,,,29159,,,,,22,1982,Herakles,Izabella Mcnerney,Izabella Mcnerney,class_oog.php
,683,,,29159,,,,,23,2107,Mary J,Isaac Leffkowitz,Isaac Leffkowitz,class_oog.php
,683,,,29159,,,,,24,2142,Bellefleur Z,Carson L. Ruff,Carson L. Ruff,class_oog.php
,683,,,29159,,,,,25,2144,U Amon Z,Paul O'Shea,Carson L. Ruff,class_oog.php
,683,,,29159,,,,,26,2148,Elle Woods,Kimberly Tobias,Abby Strohmeyer,class_oog.php
,683,,,29159,,,,,27,2149,Ferris Bueller,Kimberly Tobias,Abby Strohmeyer,class_oog.php
,683,,,29159,,,,,28,2154,Enzo Ferrari,Andres A. Correa,Andres A. Correa,class_oog.php
,683,,,29159,,,,,29,2179,Nice Cool De Virton,Paul O'Shea,Kaileigh Brandt,class_oog.php
,683,,,29159,,,,,30,2187,En Vogue,Maddison Stephen,David Cameron,class_oog.php
,683,,,29159,,,,,31,2200,Chagrandino Ps,Luciano Dome,Luciano Dome,class_oog.php
,683,,,29159,,,,,32,2290,Castello Z,Declan Egan,Declan Egan,class_oog.php
,683,,,29159,,,,,33,2293,Miss Cranny Sarco,Declan Egan,Declan Egan,class_oog.php
,683,,,29159,,,,,34,2521,Excel Star Fair Play,Alexandra Hird,August Torsilieri,class_oog.php
,683,,,29159,,,,,35,2523,Lugano,Liliana Nora Menesi,August Torsilieri,class_oog.php
,683,,,29159,,,,,36,2559,Dee Dee Gz,Samantha Fields,Spencer Brittan,class_oog.php
,683,,,29159,,,,,37,2562,Inlaws Manolo,Spencer Brittan,Spencer Brittan,class_oog.php
,683,,,29159,,,,,38,2667,Calypso,Josephine Demmo,Alan Korotkin,class_oog.php
,683,,,29159,,,,,39,2728,Wingardium Leviosa KS,Dominic Arnold,Alyssa Venn,class_oog.php
,683,,,29159,,,,,40,2793,Ibalia,Eva Bernstein,Matt Martin,class_oog.php
,683,,,29159,,,,,41,2803,Kanai,Kelly Kiser,Addison Reed,class_oog.php
,683,,,29159,,,,,42,2825,Kereen Cobra,Kitt Ritter,Ryan Michael Genn,class_oog.php
,683,,,29159,,,,,43,2837,Carmenzita,Antonio J. Martinez,Antonio J. Martinez,class_oog.php
,683,,,29159,,,,,44,2840,Gabriella T,Mary Collier Pope,Andras Szieberth,class_oog.php
,683,,,29159,,,,,45,2970,Fe Crack The Code,Amanda Gardiner,Megan Gardiner,class_oog.php
,683,,,29159,,,,,46,2984,Vdl Escape Z,Savannah Groselle,Savannah Groselle,class_oog.php
,683,,,29159,,,,,47,3009,Coby Z,Jenna P. Friedman-Lopez,Jenna P. Friedman-Lopez,class_oog.php
,683,,,29125,,,,,1,1293,Getthe Muny Bernie,Carrie Riddle,Lindsay Barrack,class_oog.php
,683,,,29125,,,,,2,2877,Big Castle,Shannon Y. Clifford,Shannon Y. Clifford,class_oog.php
,683,,,29161,,,,,1,1074,Caballa Ps,Hector Florentino,Benjamin J. Meredith,class_oog.php
,683,,,29161,,,,,2,1088,Titan,Mckenzie Miller,Conan Conway,class_oog.php
,683,,,29161,,,,,3,1266,Hopeful Z,Sophia Ayers,Ben Taylor,class_oog.php
,683,,,29161,,,,,4,1272,Mtm Anonymous Z,Aaron Vale,Ben Taylor,class_oog.php
,683,,,29161,,,,,5,1279,Samba Do Brasil,Aaron Vale,Ben Taylor,class_oog.php
,683,,,29161,,,,,6,1326,The Getaway Car,Lanie Nash,Dawn Hersey,class_oog.php
,683,,,29161,,,,,7,1442,Rr Monster,Mckenzie Badley,Matthew Le Master,class_oog.php
,683,,,29161,,,,,8,1485,Roncevert,Lanie Nash,Dawn Hersey,class_oog.php
,683,,,29161,,,,,9,1508,Guerrera,Dakota Sheikh,Mario Garcia,class_oog.php
,683,,,29161,,,,,10,1645,Comedian Of Picobello Z,Sebastian Presa Tejada,Juan A. Rodriguez Silva,class_oog.php
,683,,,29161,,,,,11,1646,Con Sol,Nicole Presa Tejada,Juan A. Rodriguez Silva,class_oog.php
,683,,,29161,,,,,12,1706,Airway Semilly,Ella Walker,Anne L. Bingler,class_oog.php
,683,,,29161,,,,,13,1744,Diatoon Blue Ps,Madison Rose,Madison Rose,class_oog.php
,683,,,29161,,,,,14,1776,Lavei,Alyson Jones,Kim Taylor,class_oog.php
,683,,,29161,,,,,15,1794,Chico Bella Z,Lily Niebur,Louise Pejstrup,class_oog.php
,683,,,29161,,,,,16,2072,O'Quality Z,Kyle Dewar,Kyle Dewar,class_oog.php
,683,,,29161,,,,,17,2187,En Vogue,Maddison Stephen,David Cameron,class_oog.php
,683,,,29161,,,,,18,2389,Fanfan Boy,Tanner Korotkin,Alan Korotkin,class_oog.php
,683,,,29161,,,,,19,2521,Excel Star Fair Play,Alexandra Hird,August Torsilieri,class_oog.php
,683,,,29161,,,,,20,2532,Solaguayre Chaquensi,Gianni Gabrielli,Gianni Gabrielli,class_oog.php
,683,,,29161,,,,,21,2563,Itoulon B,Spencer Brittan,Spencer Brittan,class_oog.php
,683,,,29161,,,,,22,2564,Larcelo,Spencer Brittan,Spencer Brittan,class_oog.php
,683,,,29161,,,,,23,2822,Chabluevara Ps,Ryan Michael Genn,Ryan Michael Genn,class_oog.php
,683,,,29161,,,,,24,2836,Forseti,Ben Taylor,Ben Taylor,class_oog.php
,683,,,29161,,,,,25,2946,Calderon T,Andras Szieberth,Andras Szieberth,class_oog.php
,683,,,29161,,,,,26,2985,Vdl Masque-Unea,Savannah Groselle,Savannah Groselle,class_oog.php
,683,,,29161,,,,,27,2987,Million's Crack Ki,Ana Elena Armas,Luciano Dome,class_oog.php
,683,,,29161,,,,,28,2994,Stapleton Asha,Lilly Mack,Dennis Mitchell,class_oog.php
,683,,,29161,,,,,29,2998,Granslam De Lezellec,Lilly Mack,Dennis Mitchell,class_oog.php
,683,,,29161,,,,,30,3001,Kilenka Gl,Alyssa Amberge,Alyssa Amberge,class_oog.php
,683,,,29161,,,,,31,3047,Jasmin De L’abbaye,Gianni Gabrielli,Gianni Gabrielli,class_oog.php
,683,,,29451,,,,,1,1319,High Time,Anne C. Hormel,Camille Maynard,class_oog.php
,683,,,29451,,,,,2,1424,Arthur,Stefano Baruzzo,Stefano Baruzzo,class_oog.php
,683,,,29451,,,,,3,1441,Princeton Mk,Matthew Le Master,Matthew Le Master,class_oog.php
,683,,,29451,,,,,4,1589,Kali,Mireya Godoy,Juan M. Bolanos,class_oog.php
,683,,,29451,,,,,5,1737,Vienna Van't Kiezelhof Lhf,Marcus Gruenthal,Marcus Gruenthal,class_oog.php
,683,,,29451,,,,,6,1763,Dominic Toretto,Ashlee Bond,Ashlee Bond,class_oog.php
,683,,,29451,,,,,7,2079,Orange Blossom Na,Sarah Kerins,Darragh Kerins,class_oog.php
,683,,,29451,,,,,8,2884,Karma,Ryan Michael Genn,Ryan Michael Genn,class_oog.php
,683,,,29451,,,,,9,3040,Olivia Ve,Anthony Sauriol,Anthony Sauriol,class_oog.php
,683,,,29451,,,,,10,3048,Conchacco Ps,Alyssa Pascucci,Alyssa Pascucci,class_oog.php
,683,,,29451,,,,,11,3049,Donna Lucardie Z,Francesca Chiatti,Anna Christina Gansauer,class_oog.php
,683,,,29433,,,,,1,1106,Naomi Hpf,Hector Florentino,Benjamin J. Meredith,class_oog.php
,683,,,29433,,,,,2,1247,Captain Marvel CF,Erica Robson,Erica Robson,class_oog.php
,683,,,29433,,,,,3,1435,Hellcat,Megan O'Brien,Megan O'Brien,class_oog.php
,683,,,29433,,,,,4,1480,Ameko Chaccord,Taylor Manning,Taylor Manning,class_oog.php
,683,,,29433,,,,,5,1726,As You Are,Miro Frey,Stephanie Frey,class_oog.php
,683,,,29433,,,,,6,2340,Penelope De La Fresnière,Luke Sassi,Luke Sassi,class_oog.php
,683,,,29433,,,,,7,2431,Virgules Balou Van 'T Neerhof,Alexandra Goetze Bell,Alexandra Goetze Bell,class_oog.php
,683,,,29433,,,,,8,2930,Miracle Van De Beiaard Z,Declan Egan,Declan Egan,class_oog.php
,683,,,29433,,,,,9,2949,Nadia I,Andras Szieberth,Andras Szieberth,class_oog.php
,683,,,29433,,,,,10,2954,Dropshot Z,Paige Jones,Dominique H. Damico,class_oog.php
,683,,,29433,,,,,11,2968,Anthem L.a. Z,Luciano Dome,Luciano Dome,class_oog.php
,683,,,29433,,,,,12,3015,6-7,Kinser Vale,Ben Taylor,class_oog.php
,683,,,29433,,,,,13,3045,Hpf Melania,Francisco Vaca,Shannon Y. Clifford,class_oog.php
,683,,,29433,,,,,14,3049,Donna Lucardie Z,Francesca Chiatti,Anna Christina Gansauer,class_oog.php
,675,,,33493,,,,,1,1082,Skat 15,Laura Linback,Troy Linback,class_oog.php
,675,,,33493,,,,,2,1790,Cataumet,Lauren Schweppe,Lauren Schweppe,class_oog.php
,675,,,33493,,,,,3,1854,Keira Usa,Madison Wayda Smith,Kyle Dewar,class_oog.php
,675,,,33493,,,,,4,2827,Lord Carlino,Alexandra Hird,August Torsilieri,class_oog.php
,675,,,33493,,,,,5,3005,Kilmastulla Quality Touch,Seanna Reser,Stacey L. Reser,class_oog.php
,675,,,33493,,,,,6,3018,Corzico Melloni Z,Dorothy Douglas,Jelmer Hoekstra,class_oog.php
,675,,,33494,,,,,1,1082,Skat 15,Laura Linback,Troy Linback,class_oog.php
,675,,,33494,,,,,2,1790,Cataumet,Lauren Schweppe,Lauren Schweppe,class_oog.php
,675,,,33494,,,,,3,1854,Keira Usa,Madison Wayda Smith,Kyle Dewar,class_oog.php
,675,,,33494,,,,,4,2827,Lord Carlino,Alexandra Hird,August Torsilieri,class_oog.php
,675,,,33494,,,,,5,3005,Kilmastulla Quality Touch,Seanna Reser,Stacey L. Reser,class_oog.php
,675,,,33494,,,,,6,3018,Corzico Melloni Z,Dorothy Douglas,Jelmer Hoekstra,class_oog.php
,675,,,29071,,,,,1,1031,Hurricane,Carsyn Korotkin,Alan Korotkin,class_oog.php
,675,,,29071,,,,,2,1183,Mastermind,Naomi Selleck,Alan Korotkin,class_oog.php
,675,,,29071,,,,,3,1555,Katch Can-Do,Olivia Israel,Jenny Miller,class_oog.php
,675,,,29071,,,,,4,1564,Mtm Silhouette,Bowers A. Cone,Stephen Dicarlo,class_oog.php
,675,,,29071,,,,,5,1749,Coffee,Kirsten L. Malacarne,George J. Bessette,class_oog.php
,675,,,29071,,,,,6,1846,Carlos He’las,Evana Somareddy,Heather Dayner,class_oog.php
,675,,,29071,,,,,7,1876,Churchill Blue,Dorothy Douglas,Tara G. Bostwick,class_oog.php
,675,,,29071,,,,,8,2361,Casuall,John Michael Durr,John Michael Durr,class_oog.php
,675,,,29071,,,,,9,2383,A La Quattro S,Vivian Heyer,August Torsilieri,class_oog.php
,675,,,29071,,,,,10,2542,Sunkist,Timothy Maddrix,Terry L. Brown,class_oog.php
,675,,,29071,,,,,11,2720,Espresso,Molly Frei,Sven Frei,class_oog.php
,675,,,29071,,,,,12,3022,Netezwiggy Vd Watermolen,Dorothy Douglas,Jelmer Hoekstra,class_oog.php
,675,,,29072,,,,,1,1031,Hurricane,Carsyn Korotkin,Alan Korotkin,class_oog.php
,675,,,29072,,,,,2,1183,Mastermind,Naomi Selleck,Alan Korotkin,class_oog.php
,675,,,29072,,,,,3,1555,Katch Can-Do,Olivia Israel,Jenny Miller,class_oog.php
,675,,,29072,,,,,4,1564,Mtm Silhouette,Bowers A. Cone,Stephen Dicarlo,class_oog.php
,675,,,29072,,,,,5,1576,Cadenza,Kelsey Duffy,Kelsey Duffy,class_oog.php
,675,,,29072,,,,,6,1749,Coffee,Kirsten L. Malacarne,George J. Bessette,class_oog.php
,675,,,29072,,,,,7,1846,Carlos He’las,Evana Somareddy,Heather Dayner,class_oog.php
,675,,,29072,,,,,8,1876,Churchill Blue,Reagan Williams,Tara G. Bostwick,class_oog.php
,675,,,29072,,,,,9,2361,Casuall,John Michael Durr,John Michael Durr,class_oog.php
,675,,,29072,,,,,10,2383,A La Quattro S,Vivian Heyer,August Torsilieri,class_oog.php
,675,,,29072,,,,,11,2542,Sunkist,Timothy Maddrix,Terry L. Brown,class_oog.php
,675,,,29072,,,,,12,2720,Espresso,Molly Frei,Sven Frei,class_oog.php
,675,,,29072,,,,,13,3022,Netezwiggy Vd Watermolen,Dorothy Douglas,Jelmer Hoekstra,class_oog.php
,675,,,29297,,,,,1,1576,Cadenza,Kelsey Duffy,Kelsey Duffy,class_oog.php
,675,,,29297,,,,,2,1760,Pistachio,Stephanie Frey,Stephanie Frey,class_oog.php
,675,,,29297,,,,,3,2182,Outlaw,Isabella Agliano,Robert P. Stucky,class_oog.php
,675,,,29297,,,,,4,2329,Mtm Rico Suave,Tracy Fenney,Michael J. Mccormick,class_oog.php
,675,,,29297,,,,,5,2720,Espresso,Molly Frei,Sven Frei,class_oog.php
,675,,,29297,,,,,6,2867,Chef Special,Tracy Fenney,Michael J. Mccormick,class_oog.php
,675,,,29297,,,,,7,2927,Dexter,Jake Evans,Jake Evans,class_oog.php
,675,,,29297,,,,,8,3022,Netezwiggy Vd Watermolen,Dorothy Douglas,Jelmer Hoekstra,class_oog.php
,675,,,29298,,,,,1,1576,Cadenza,Kelsey Duffy,Kelsey Duffy,class_oog.php
,675,,,29298,,,,,2,1760,Pistachio,Stephanie Frey,Stephanie Frey,class_oog.php
,675,,,29298,,,,,3,2182,Outlaw,Isabella Agliano,Robert P. Stucky,class_oog.php
,675,,,29298,,,,,4,2329,Mtm Rico Suave,Tracy Fenney,Michael J. Mccormick,class_oog.php
,675,,,29298,,,,,5,2720,Espresso,Molly Frei,Sven Frei,class_oog.php
,675,,,29298,,,,,6,2867,Chef Special,Tracy Fenney,Michael J. Mccormick,class_oog.php
,675,,,29298,,,,,7,2927,Dexter,Jake Evans,Jake Evans,class_oog.php
,675,,,29298,,,,,8,3022,Netezwiggy Vd Watermolen,Dorothy Douglas,Jelmer Hoekstra,class_oog.php
,675,,,29301,,,,,1,1576,Cadenza,Kelsey Duffy,Kelsey Duffy,class_oog.php
,675,,,29301,,,,,2,1760,Pistachio,Stephanie Frey,Stephanie Frey,class_oog.php
,675,,,29301,,,,,3,2182,Outlaw,Isabella Agliano,Robert P. Stucky,class_oog.php
,675,,,29301,,,,,4,2329,Mtm Rico Suave,Tracy Fenney,Michael J. Mccormick,class_oog.php
,675,,,29301,,,,,5,2720,Espresso,Molly Frei,Sven Frei,class_oog.php
,675,,,29301,,,,,6,2867,Chef Special,Tracy Fenney,Michael J. Mccormick,class_oog.php
,675,,,29301,,,,,7,2927,Dexter,Jake Evans,Jake Evans,class_oog.php
,675,,,29301,,,,,8,3022,Netezwiggy Vd Watermolen,Dorothy Douglas,Jelmer Hoekstra,class_oog.php
,675,,,29327,,,,,1,1095,Cabana Boy,Isaac Leffkowitz,Isaac Leffkowitz,class_oog.php
,675,,,29327,,,,,2,1098,Royal Mark,Isaac Leffkowitz,Isaac Leffkowitz,class_oog.php
,675,,,29327,,,,,3,1428,Insightful,Lanie Nash,Dawn Hersey,class_oog.php
,675,,,29327,,,,,4,1521,Ziggy Stardust,Bowers A. Cone,Stephen Dicarlo,class_oog.php
,675,,,29327,,,,,5,1555,Katch Can-Do,Olivia Israel,Jenny Miller,class_oog.php
,675,,,29327,,,,,6,1749,Coffee,Kirsten L. Malacarne,George J. Bessette,class_oog.php
,675,,,29327,,,,,7,1926,Costello,Allison Beck,Derek Van Der Burgh,class_oog.php
,675,,,29327,,,,,8,1976,Debonair,Jennifer Tate,Jennifer Tate,class_oog.php
,675,,,29327,,,,,9,2368,Cheque,Jake Evans,Jake Evans,class_oog.php
,675,,,29327,,,,,10,2634,Mtm Nutmeg,Rachel Zaluski,Natalie Geller,class_oog.php
,675,,,29327,,,,,11,2664,Callisto,Angela Gais,Angela Gais,class_oog.php
,675,,,29327,,,,,12,2986,Maui,Eva Bernstein,Matt Martin,class_oog.php
,675,,,29327,,,,,13,3030,Missy Vd Vosberg,Stacey L. Reser,Stacey L. Reser,class_oog.php
,675,,,29328,,,,,1,1095,Cabana Boy,Isaac Leffkowitz,Isaac Leffkowitz,class_oog.php
,675,,,29328,,,,,2,1098,Royal Mark,Isaac Leffkowitz,Isaac Leffkowitz,class_oog.php
,675,,,29328,,,,,3,1428,Insightful,Lanie Nash,Dawn Hersey,class_oog.php
,675,,,29328,,,,,4,1521,Ziggy Stardust,Bowers A. Cone,Stephen Dicarlo,class_oog.php
,675,,,29328,,,,,5,1555,Katch Can-Do,Olivia Israel,Jenny Miller,class_oog.php
,675,,,29328,,,,,6,1749,Coffee,Kirsten L. Malacarne,George J. Bessette,class_oog.php
,675,,,29328,,,,,7,1976,Debonair,Jennifer Tate,Jennifer Tate,class_oog.php
,675,,,29328,,,,,8,2368,Cheque,Jake Evans,Jake Evans,class_oog.php
,675,,,29328,,,,,9,2634,Mtm Nutmeg,Rachel Zaluski,Natalie Geller,class_oog.php
,675,,,29328,,,,,10,2664,Callisto,Angela Gais,Angela Gais,class_oog.php
,675,,,29328,,,,,11,2986,Maui,Eva Bernstein,Matt Martin,class_oog.php
,675,,,29328,,,,,12,3030,Missy Vd Vosberg,Stacey L. Reser,Stacey L. Reser,class_oog.php
,675,,,29331,,,,,1,1098,Royal Mark,Isaac Leffkowitz,Isaac Leffkowitz,class_oog.php
,675,,,29331,,,,,2,2368,Cheque,Jake Evans,Jake Evans,class_oog.php
,675,,,29331,,,,,3,2664,Callisto,Angela Gais,Angela Gais,class_oog.php
,675,,,29331,,,,,4,2986,Maui,Eva Bernstein,Matt Martin,class_oog.php
,675,,,29331,,,,,5,3030,Missy Vd Vosberg,Stacey L. Reser,Stacey L. Reser,class_oog.php
,676,,,29066,,,,,1,1041,Luminosity Class,Tanner Korotkin,Alan Korotkin,class_oog.php
,676,,,29066,,,,,2,1249,Colombiana,Erica Robson,Erica Robson,class_oog.php
,676,,,29066,,,,,3,1522,Calid 3,Jake Evans,Jake Evans,class_oog.php
,676,,,29066,,,,,4,1728,Simpatico,Stephanie Frey,Stephanie Frey,class_oog.php
,676,,,29066,,,,,5,2049,Top Secret Hk,Helen Goddard,Helen Goddard,class_oog.php
,676,,,29066,,,,,6,2603,Dominus Z,Charlotte H. Wiese,Jasmine Walsh,class_oog.php
,676,,,29066,,,,,7,2604,Hand Painted,Jasmine Walsh,Jasmine Walsh,class_oog.php
,676,,,29066,,,,,8,2608,Vincent Van Gough,Jasmine Walsh,Jasmine Walsh,class_oog.php
,676,,,29066,,,,,9,2794,Joylon Gb,Eva Bernstein,Matt Martin,class_oog.php
,676,,,29066,,,,,10,2868,Mtm Drop The Mic,Tracy Fenney,Michael J. Mccormick,class_oog.php
,676,,,29066,,,,,11,3043,Playground,Dorothy Douglas,Jelmer Hoekstra,class_oog.php
,676,,,29067,,,,,1,1041,Luminosity Class,Tanner Korotkin,Alan Korotkin,class_oog.php
,676,,,29067,,,,,2,1249,Colombiana,Erica Robson,Erica Robson,class_oog.php
,676,,,29067,,,,,3,1522,Calid 3,Jake Evans,Jake Evans,class_oog.php
,676,,,29067,,,,,4,1728,Simpatico,Stephanie Frey,Stephanie Frey,class_oog.php
,676,,,29067,,,,,5,2049,Top Secret Hk,Helen Goddard,Helen Goddard,class_oog.php
,676,,,29067,,,,,6,2603,Dominus Z,Charlotte H. Wiese,Jasmine Walsh,class_oog.php
,676,,,29067,,,,,7,2604,Hand Painted,Jasmine Walsh,Jasmine Walsh,class_oog.php
,676,,,29067,,,,,8,2608,Vincent Van Gough,Jasmine Walsh,Jasmine Walsh,class_oog.php
,676,,,29067,,,,,9,2794,Joylon Gb,Eva Bernstein,Matt Martin,class_oog.php
,676,,,29067,,,,,10,2868,Mtm Drop The Mic,Tracy Fenney,Michael J. Mccormick,class_oog.php
,676,,,29067,,,,,11,3043,Playground,Dorothy Douglas,Jelmer Hoekstra,class_oog.php
,676,,,29302,,,,,1,1217,Dream Boat,Megan Wexler,Megan Wexler,class_oog.php
,676,,,29302,,,,,2,1522,Calid 3,Jake Evans,Jake Evans,class_oog.php
,676,,,29302,,,,,3,1665,Salt Spring,Kyle Dewar,Kyle Dewar,class_oog.php
,676,,,29302,,,,,4,1728,Simpatico,Stephanie Frey,Stephanie Frey,class_oog.php
,676,,,29302,,,,,5,1823,Aperture Vf,Lia Screnci,Lia Screnci,class_oog.php
,676,,,29302,,,,,6,2393,United's Choice,Dana Ventrice,Dana Ventrice,class_oog.php
,676,,,29302,,,,,7,2608,Vincent Van Gough,Jasmine Walsh,Jasmine Walsh,class_oog.php
,676,,,29302,,,,,8,2868,Mtm Drop The Mic,Tracy Fenney,Michael J. Mccormick,class_oog.php
,676,,,29303,,,,,1,1217,Dream Boat,Megan Wexler,Megan Wexler,class_oog.php
,676,,,29303,,,,,2,1522,Calid 3,Jake Evans,Jake Evans,class_oog.php
,676,,,29303,,,,,3,1665,Salt Spring,Kyle Dewar,Kyle Dewar,class_oog.php
,676,,,29303,,,,,4,1728,Simpatico,Stephanie Frey,Stephanie Frey,class_oog.php
,676,,,29303,,,,,5,1823,Aperture Vf,Lia Screnci,Lia Screnci,class_oog.php
,676,,,29303,,,,,6,2393,United's Choice,Dana Ventrice,Dana Ventrice,class_oog.php
,676,,,29303,,,,,7,2608,Vincent Van Gough,Jasmine Walsh,Jasmine Walsh,class_oog.php
,676,,,29303,,,,,8,2868,Mtm Drop The Mic,Tracy Fenney,Michael J. Mccormick,class_oog.php
,676,,,29306,,,,,1,1217,Dream Boat,Megan Wexler,Megan Wexler,class_oog.php
,676,,,29306,,,,,2,1522,Calid 3,Jake Evans,Jake Evans,class_oog.php
,676,,,29306,,,,,3,1665,Salt Spring,Kyle Dewar,Kyle Dewar,class_oog.php
,676,,,29306,,,,,4,1728,Simpatico,Stephanie Frey,Stephanie Frey,class_oog.php
,676,,,29306,,,,,5,1823,Aperture Vf,Lia Screnci,Lia Screnci,class_oog.php
,676,,,29306,,,,,6,2393,United's Choice,Dana Ventrice,Dana Ventrice,class_oog.php
,676,,,29306,,,,,7,2608,Vincent Van Gough,Jasmine Walsh,Jasmine Walsh,class_oog.php
,676,,,29306,,,,,8,2868,Mtm Drop The Mic,Tracy Fenney,Michael J. Mccormick,class_oog.php
,676,,,29264,,,,,1,1049,Vote For Pedro,Carsyn Korotkin,Alan Korotkin,class_oog.php
,676,,,29264,,,,,2,1222,Ladies Night,Megan Wexler,Megan Wexler,class_oog.php
,676,,,29264,,,,,3,1453,Childhood Dream,Lanie Nash,Dawn Hersey,class_oog.php
,676,,,29264,,,,,4,1748,Center Stage,Kirsten L. Malacarne,George J. Bessette,class_oog.php
,676,,,29264,,,,,5,1774,Endeavor In His Name,Alyson Jones,Kim Taylor,class_oog.php
,676,,,29264,,,,,6,1848,Mystery Man,Schuyler Dayner,Heather Dayner,class_oog.php
,676,,,29264,,,,,7,1977,Just A Gentleman,Brittany G. Wyatt,Stephanie Free,class_oog.php
,676,,,29264,,,,,8,2049,Top Secret Hk,Helen Goddard,Helen Goddard,class_oog.php
,676,,,29264,,,,,9,2066,Red Admiral,Elizabeth C. de Golian,Elizabeth C. de Golian,class_oog.php
,676,,,29264,,,,,10,2120,Freeman,Caroline Willard Briles,Caroline Willard Briles,class_oog.php
,676,,,29264,,,,,11,2387,Winterfells Castle Black,Sierra Montgomery,Lisa Hasenbeck,class_oog.php
,676,,,29264,,,,,12,2522,Remix De Ganad,Alexandra Hird,August Torsilieri,class_oog.php
,676,,,29264,,,,,13,2623,Sophistakkato,Katherine Nunez,Debra L. Ward,class_oog.php
,676,,,29264,,,,,14,2820,Peyton Cm Kapade,Angelina M Palmeri,Derek Van Der Burgh,class_oog.php
,676,,,29264,,,,,15,2865,Ewsz Chardonnay,Kalli Core,Bobby Boulger,class_oog.php
,676,,,29264,,,,,16,2943,Gladrags,Stephanie Frey,Stephanie Frey,class_oog.php
,676,,,29264,,,,,17,2969,Kismet,Joshua Tabor,Joshua Tabor,class_oog.php
,676,,,29264,,,,,18,2974,St. Nick,Kalli Core,Bobby Boulger,class_oog.php
,676,,,29264,,,,,19,2977,Dialey Ak,Helen Goddard,Helen Goddard,class_oog.php
,676,,,29264,,,,,20,2978,Toussant,Helen Goddard,Helen Goddard,class_oog.php
,676,,,29264,,,,,21,3034,Napoleon,Robert P. Stucky,Robert P. Stucky,class_oog.php
,676,,,29263,,,,,1,1049,Vote For Pedro,Carsyn Korotkin,Alan Korotkin,class_oog.php
,676,,,29263,,,,,2,1222,Ladies Night,Megan Wexler,Megan Wexler,class_oog.php
,676,,,29263,,,,,3,1453,Childhood Dream,Lanie Nash,Dawn Hersey,class_oog.php
,676,,,29263,,,,,4,1748,Center Stage,Kirsten L. Malacarne,George J. Bessette,class_oog.php
,676,,,29263,,,,,5,1774,Endeavor In His Name,Alyson Jones,Kim Taylor,class_oog.php
,676,,,29263,,,,,6,1848,Mystery Man,Schuyler Dayner,Heather Dayner,class_oog.php
,676,,,29263,,,,,7,1977,Just A Gentleman,Brittany G. Wyatt,Stephanie Free,class_oog.php
,676,,,29263,,,,,8,2049,Top Secret Hk,Helen Goddard,Helen Goddard,class_oog.php
,676,,,29263,,,,,9,2120,Freeman,Caroline Willard Briles,Caroline Willard Briles,class_oog.php
,676,,,29263,,,,,10,2387,Winterfells Castle Black,Sierra Montgomery,Lisa Hasenbeck,class_oog.php
,676,,,29263,,,,,11,2522,Remix De Ganad,Alexandra Hird,August Torsilieri,class_oog.php
,676,,,29263,,,,,12,2623,Sophistakkato,Katherine Nunez,Debra L. Ward,class_oog.php
,676,,,29263,,,,,13,2820,Peyton Cm Kapade,Angelina M Palmeri,Derek Van Der Burgh,class_oog.php
,676,,,29263,,,,,14,2865,Ewsz Chardonnay,Kalli Core,Bobby Boulger,class_oog.php
,676,,,29263,,,,,15,2943,Gladrags,Stephanie Frey,Stephanie Frey,class_oog.php
,676,,,29263,,,,,16,2969,Kismet,Joshua Tabor,Joshua Tabor,class_oog.php
,676,,,29263,,,,,17,2974,St. Nick,Kalli Core,Bobby Boulger,class_oog.php
,676,,,29263,,,,,18,2977,Dialey Ak,Helen Goddard,Helen Goddard,class_oog.php
,676,,,29263,,,,,19,2978,Toussant,Helen Goddard,Helen Goddard,class_oog.php
,676,,,29263,,,,,20,3034,Napoleon,Robert P. Stucky,Robert P. Stucky,class_oog.php
,676,,,29260,,,,,1,1222,Ladies Night,Megan Wexler,Megan Wexler,class_oog.php
,676,,,29260,,,,,2,1453,Childhood Dream,Lanie Nash,Dawn Hersey,class_oog.php
,676,,,29260,,,,,3,1848,Mystery Man,Schuyler Dayner,Heather Dayner,class_oog.php
,676,,,29260,,,,,4,1977,Just A Gentleman,Brittany G. Wyatt,Stephanie Free,class_oog.php
,676,,,29260,,,,,5,2387,Winterfells Castle Black,Sierra Montgomery,Lisa Hasenbeck,class_oog.php
,676,,,29260,,,,,6,2522,Remix De Ganad,Alexandra Hird,August Torsilieri,class_oog.php
,676,,,29260,,,,,7,2820,Peyton Cm Kapade,Angelina M Palmeri,Derek Van Der Burgh,class_oog.php
,676,,,29260,,,,,8,2865,Ewsz Chardonnay,Kalli Core,Bobby Boulger,class_oog.php
,676,,,29260,,,,,9,2941,Nightfall,Windsor Ryan,Traci A. Weston,class_oog.php
,676,,,29260,,,,,10,2974,St. Nick,Kalli Core,Bobby Boulger,class_oog.php
,676,,,29260,,,,,11,2978,Toussant,Helen Goddard,Helen Goddard,class_oog.php
,676,,,29260,,,,,12,3034,Napoleon,Robert P. Stucky,Robert P. Stucky,class_oog.php
,676,,,29312,,,,,1,1483,Thunder Shark,Fabian Herrera,Fabian Herrera,class_oog.php
,676,,,29312,,,,,2,2066,Red Admiral,Elizabeth C. de Golian,Elizabeth C. de Golian,class_oog.php
,676,,,29312,,,,,3,2120,Freeman,Caroline Willard Briles,Caroline Willard Briles,class_oog.php
,676,,,29312,,,,,4,2969,Kismet,Joshua Tabor,Joshua Tabor,class_oog.php
,676,,,29313,,,,,1,1483,Thunder Shark,Fabian Herrera,Fabian Herrera,class_oog.php
,676,,,29313,,,,,2,2066,Red Admiral,Elizabeth C. de Golian,Elizabeth C. de Golian,class_oog.php
,676,,,29313,,,,,3,2120,Freeman,Caroline Willard Briles,Caroline Willard Briles,class_oog.php
,676,,,29313,,,,,4,2969,Kismet,Joshua Tabor,Joshua Tabor,class_oog.php
,676,,,29316,,,,,1,1483,Thunder Shark,Fabian Herrera,Fabian Herrera,class_oog.php
,676,,,29316,,,,,2,2066,Red Admiral,Elizabeth C. de Golian,Elizabeth C. de Golian,class_oog.php
,676,,,29316,,,,,3,2120,Freeman,Caroline Willard Briles,Caroline Willard Briles,class_oog.php
,676,,,29316,,,,,4,2969,Kismet,Joshua Tabor,Joshua Tabor,class_oog.php
,676,,,29317,,,,,1,1221,Kobalt Des Vk,Megan Wexler,Megan Wexler,class_oog.php
,676,,,29317,,,,,2,2865,Ewsz Chardonnay,Kalli Core,Bobby Boulger,class_oog.php
,676,,,29317,,,,,3,2945,Koletta,Stephanie Frey,Stephanie Frey,class_oog.php
,676,,,29317,,,,,4,2972,Cartier De Muze,Lincoln Russell,Lincoln Russell,class_oog.php
,676,,,29318,,,,,1,1221,Kobalt Des Vk,Megan Wexler,Megan Wexler,class_oog.php
,676,,,29318,,,,,2,2865,Ewsz Chardonnay,Kalli Core,Bobby Boulger,class_oog.php
,676,,,29318,,,,,3,2945,Koletta,Stephanie Frey,Stephanie Frey,class_oog.php
,676,,,29318,,,,,4,2972,Cartier De Muze,Lincoln Russell,Lincoln Russell,class_oog.php
,676,,,29321,,,,,1,1221,Kobalt Des Vk,Megan Wexler,Megan Wexler,class_oog.php
,676,,,29321,,,,,2,2865,Ewsz Chardonnay,Kalli Core,Bobby Boulger,class_oog.php
,676,,,29321,,,,,3,2945,Koletta,Stephanie Frey,Stephanie Frey,class_oog.php
,676,,,29321,,,,,4,2972,Cartier De Muze,Lincoln Russell,Lincoln Russell,class_oog.php
,676,,,29322,,,,,1,1582,Harmony De Muze,Jake Evans,Jake Evans,class_oog.php
,676,,,29322,,,,,2,2348,Cupido De Jolie Z,Katlynn Butler,Katlynn Butler,class_oog.php
,676,,,29322,,,,,3,2977,Dialey Ak,Helen Goddard,Helen Goddard,class_oog.php
,676,,,29323,,,,,1,1582,Harmony De Muze,Jake Evans,Jake Evans,class_oog.php
,676,,,29323,,,,,2,2348,Cupido De Jolie Z,Katlynn Butler,Katlynn Butler,class_oog.php
,676,,,29323,,,,,3,2977,Dialey Ak,Helen Goddard,Helen Goddard,class_oog.php
,676,,,29326,,,,,1,1582,Harmony De Muze,Jake Evans,Jake Evans,class_oog.php
,676,,,29326,,,,,2,2348,Cupido De Jolie Z,Katlynn Butler,Katlynn Butler,class_oog.php
,676,,,29326,,,,,3,2977,Dialey Ak,Helen Goddard,Helen Goddard,class_oog.php
,678,,,29061,,,,,1,1222,Ladies Night,Megan Wexler,Megan Wexler,class_oog.php
,678,,,29061,,,,,2,1301,Quatro,Lanie Nash,Dawn Hersey,class_oog.php
,678,,,29061,,,,,3,1458,Sweeter Than Fiction,Addy Dewalt,Wendy J. Hechler,class_oog.php
,678,,,29061,,,,,4,1493,Lyon,Katherine Addington,Bibby F. Hill,class_oog.php
,678,,,29061,,,,,5,1554,Going Global,Jenny Miller,Jenny Miller,class_oog.php
,678,,,29061,,,,,6,1698,Orchard Hills Best Dressed,Ryan Haselden,Lindsay Haselden,class_oog.php
,678,,,29061,,,,,7,1748,Center Stage,Kirsten L. Malacarne,George J. Bessette,class_oog.php
,678,,,29061,,,,,8,1918,The Flying Dutchman,Bryce P. Richardson,Bryce P. Richardson,class_oog.php
,678,,,29061,,,,,9,1924,Argento 2,Aubrey Frank,Derek Van Der Burgh,class_oog.php
,678,,,29061,,,,,10,1983,Koh I Knoor,Natalie Johnson Russell,Natalie Johnson Russell,class_oog.php
,678,,,29061,,,,,11,2097,Cleveland 42,Isaac Leffkowitz,Isaac Leffkowitz,class_oog.php
,678,,,29061,,,,,12,2099,Loire,Isaac Leffkowitz,Isaac Leffkowitz,class_oog.php
,678,,,29061,,,,,13,2161,Astronaut H Z,Teresa Pompay,Josh Dolan,class_oog.php
,678,,,29061,,,,,14,2304,Camden Street,Phillipa Greenberg,Wendy J. Hechler,class_oog.php
,678,,,29061,,,,,15,2610,Starridor,Charlotte H. Wiese,Jasmine Walsh,class_oog.php
,678,,,29061,,,,,16,2668,Curtis 89,Josephine Demmo,Alan Korotkin,class_oog.php
,678,,,29061,,,,,17,2725,Coeur D'honneur,Jennifer Phethean,Jennifer Phethean,class_oog.php
,678,,,29061,,,,,18,2937,Follow Me,Marissa Creviston,Marissa Creviston,class_oog.php
,678,,,29061,,,,,19,2940,Obora’s Sandman,Marissa Creviston,Marissa Creviston,class_oog.php
,678,,,29061,,,,,20,2974,St. Nick,Kalli Core,Bobby Boulger,class_oog.php
,678,,,29061,,,,,21,3034,Napoleon,Robert P. Stucky,Robert P. Stucky,class_oog.php
,678,,,29062,,,,,1,1222,Ladies Night,Megan Wexler,Megan Wexler,class_oog.php
,678,,,29062,,,,,2,1301,Quatro,Lanie Nash,Dawn Hersey,class_oog.php
,678,,,29062,,,,,3,1458,Sweeter Than Fiction,Addy Dewalt,Wendy J. Hechler,class_oog.php
,678,,,29062,,,,,4,1493,Lyon,Katherine Addington,Bibby F. Hill,class_oog.php
,678,,,29062,,,,,5,1554,Going Global,Jenny Miller,Jenny Miller,class_oog.php
,678,,,29062,,,,,6,1698,Orchard Hills Best Dressed,Ryan Haselden,Lindsay Haselden,class_oog.php
,678,,,29062,,,,,7,1748,Center Stage,Kirsten L. Malacarne,George J. Bessette,class_oog.php
,678,,,29062,,,,,8,1924,Argento 2,Aubrey Frank,Derek Van Der Burgh,class_oog.php
,678,,,29062,,,,,9,1983,Koh I Knoor,Natalie Johnson Russell,Natalie Johnson Russell,class_oog.php
,678,,,29062,,,,,10,2097,Cleveland 42,Isaac Leffkowitz,Isaac Leffkowitz,class_oog.php
,678,,,29062,,,,,11,2099,Loire,Isaac Leffkowitz,Isaac Leffkowitz,class_oog.php
,678,,,29062,,,,,12,2161,Astronaut H Z,Teresa Pompay,Josh Dolan,class_oog.php
,678,,,29062,,,,,13,2304,Camden Street,Phillipa Greenberg,Wendy J. Hechler,class_oog.php
,678,,,29062,,,,,14,2610,Starridor,Charlotte H. Wiese,Jasmine Walsh,class_oog.php
,678,,,29062,,,,,15,2668,Curtis 89,Josephine Demmo,Alan Korotkin,class_oog.php
,678,,,29062,,,,,16,2725,Coeur D'honneur,Jennifer Phethean,Jennifer Phethean,class_oog.php
,678,,,29062,,,,,17,2937,Follow Me,Marissa Creviston,Marissa Creviston,class_oog.php
,678,,,29062,,,,,18,2940,Obora’s Sandman,Marissa Creviston,Marissa Creviston,class_oog.php
,678,,,29062,,,,,19,2974,St. Nick,Kalli Core,Bobby Boulger,class_oog.php
,678,,,29062,,,,,20,3034,Napoleon,Robert P. Stucky,Robert P. Stucky,class_oog.php
,678,,,29046,,,,,1,1918,The Flying Dutchman,Bryce P. Richardson,Bryce P. Richardson,class_oog.php
,678,,,29046,,,,,2,2097,Cleveland 42,Isaac Leffkowitz,Isaac Leffkowitz,class_oog.php
,678,,,29046,,,,,3,2099,Loire,Isaac Leffkowitz,Isaac Leffkowitz,class_oog.php
,678,,,29046,,,,,4,2715,Living The Dream,Aidan Murphy,Candice King,class_oog.php
,678,,,29046,,,,,5,2730,Striking Elsa,Phillipa Greenberg,Jennifer Phethean,class_oog.php
,678,,,29046,,,,,6,2838,Delisa Gp,Heather Froehlich Cortell,Heather Froehlich Cortell,class_oog.php
,678,,,29046,,,,,7,2949,Nadia I,Daina Greene,Andras Szieberth,class_oog.php
,678,,,29047,,,,,1,1918,The Flying Dutchman,Bryce P. Richardson,Bryce P. Richardson,class_oog.php
,678,,,29047,,,,,2,2097,Cleveland 42,Isaac Leffkowitz,Isaac Leffkowitz,class_oog.php
,678,,,29047,,,,,3,2099,Loire,Isaac Leffkowitz,Isaac Leffkowitz,class_oog.php
,678,,,29047,,,,,4,2715,Living The Dream,Aidan Murphy,Candice King,class_oog.php
,678,,,29047,,,,,5,2730,Striking Elsa,Phillipa Greenberg,Jennifer Phethean,class_oog.php
,678,,,29047,,,,,6,2838,Delisa Gp,Heather Froehlich Cortell,Heather Froehlich Cortell,class_oog.php
,678,,,29047,,,,,7,2949,Nadia I,Daina Greene,Andras Szieberth,class_oog.php
,678,,,29065,,,,,1,1222,Ladies Night,Megan Wexler,Megan Wexler,class_oog.php
,678,,,29065,,,,,2,1458,Sweeter Than Fiction,Addy Dewalt,Wendy J. Hechler,class_oog.php
,678,,,29065,,,,,3,1493,Lyon,Katherine Addington,Bibby F. Hill,class_oog.php
,678,,,29065,,,,,4,1698,Orchard Hills Best Dressed,Ryan Haselden,Lindsay Haselden,class_oog.php
,678,,,29065,,,,,5,1924,Argento 2,Aubrey Frank,Derek Van Der Burgh,class_oog.php
,678,,,29065,,,,,6,1983,Koh I Knoor,Natalie Johnson Russell,Natalie Johnson Russell,class_oog.php
,678,,,29065,,,,,7,2304,Camden Street,Phillipa Greenberg,Wendy J. Hechler,class_oog.php
,678,,,29065,,,,,8,2607,Santino,Jasmine Walsh,Jasmine Walsh,class_oog.php
,678,,,29065,,,,,9,2725,Coeur D'honneur,Jennifer Phethean,Jennifer Phethean,class_oog.php
,678,,,29065,,,,,10,2974,St. Nick,Kalli Core,Bobby Boulger,class_oog.php
,678,,,29065,,,,,11,3034,Napoleon,Robert P. Stucky,Robert P. Stucky,class_oog.php
,678,,,29056,,,,,1,1027,Fort Knox,Lainey Posa,Alan Korotkin,class_oog.php
,678,,,29056,,,,,2,1029,Halo,Carsyn Korotkin,Alan Korotkin,class_oog.php
,678,,,29056,,,,,3,1495,Parade,Devin A. Seek,Bibby F. Hill,class_oog.php
,678,,,29056,,,,,4,1498,Untitled,Katherine Addington,Bibby F. Hill,class_oog.php
,678,,,29056,,,,,5,1509,Amuze Bouche,Wendy J. Hechler,Wendy J. Hechler,class_oog.php
,678,,,29056,,,,,6,1554,Going Global,Lindsay Meyer,Jenny Miller,class_oog.php
,678,,,29056,,,,,7,1966,Carli De Sabette,Vannakay Hurnevich,Kim E. Burnette,class_oog.php
,678,,,29056,,,,,8,2183,Follow Me Home,Caitlin Maloney,Caitlin Maloney,class_oog.php
,678,,,29056,,,,,9,2386,Marvick,Sierra Montgomery,Lisa Hasenbeck,class_oog.php
,678,,,29056,,,,,10,2390,Poptart,Lainey Posa,Alan Korotkin,class_oog.php
,678,,,29056,,,,,11,2391,Benlea Magic Dragon,Noemi Varela,Dana Ventrice,class_oog.php
,678,,,29056,,,,,12,2973,Khan Of Ballmore,Mari Gromkowski,Mari Gromkowski,class_oog.php
,678,,,29057,,,,,1,1027,Fort Knox,Jessica Heap,Alan Korotkin,class_oog.php
,678,,,29057,,,,,2,1029,Halo,Kate Marisch,Alan Korotkin,class_oog.php
,678,,,29057,,,,,3,1495,Parade,Devin A. Seek,Bibby F. Hill,class_oog.php
,678,,,29057,,,,,4,1498,Untitled,Katherine Addington,Bibby F. Hill,class_oog.php
,678,,,29057,,,,,5,1554,Going Global,Lindsay Meyer,Jenny Miller,class_oog.php
,678,,,29057,,,,,6,1966,Carli De Sabette,Vannakay Hurnevich,Kim E. Burnette,class_oog.php
,678,,,29057,,,,,7,2183,Follow Me Home,Caitlin Maloney,Caitlin Maloney,class_oog.php
,678,,,29057,,,,,8,2386,Marvick,Sierra Montgomery,Lisa Hasenbeck,class_oog.php
,678,,,29057,,,,,9,2390,Poptart,Jessica Heap,Alan Korotkin,class_oog.php
,678,,,29057,,,,,10,2391,Benlea Magic Dragon,Noemi Varela,Dana Ventrice,class_oog.php
,678,,,29057,,,,,11,2973,Khan Of Ballmore,Angela R. Calkins,Mari Gromkowski,class_oog.php
,737,,,33485,,,,,1,1682,Allegra Van Het Eikenhof Z,Aria Collins,Jessica Collins,class_oog.php
,750,,,29408,,,,,1,1424,Arthur,Stefano Baruzzo,Stefano Baruzzo,class_oog.php
,750,,,29408,,,,,2,2543,Billy Snowdonia,Camille Maynard,Camille Maynard,class_oog.php
,750,,,29408,,,,,3,2882,Crush,Scott Diffey,Scott Diffey,class_oog.php